name,slug,born_year,died_year,bio,title,dynasty,is_saint,burial_place,image
Stefan Nemanja,stefan-nemanja,1113,1199,"Kratak opis:
Osnivač dinastije Nemanjića i tvorac snažne srednjovekovne srpske države. Ujedinio je srpske zemlje, učvrstio vlast Raške i ostavio dubok trag kao vladar i ktitor.

Biografija:
Posle dugog perioda rascepkanosti srpskih zemalja i nadmetanja između Raške i Zete, Stefan Nemanja se nametnuo kao vladar koji je umeo da objedini političku snagu i državnu ideju. U vreme kada je Vizantija i dalje imala presudan uticaj na Balkanu, Nemanja je strpljivo jačao svoj položaj, najpre kao oblasni gospodar, a zatim kao najvažniji predstavnik Raške. U njegovoj politici vidi se spoj opreza, ambicije i izuzetne političke sposobnosti: znao je kada treba da se osloni na jačeg protivnika, a kada da krene u otvorenu borbu za samostalnost.

Vremenom je Raška, zahvaljujući njegovoj energiji i usmerenosti, postala stvarno jezgro srpske države. Nemanja je postupno potiskivao protivnike, učvršćivao centralnu vlast i širio državu prema oblastima od posebnog političkog značaja. Njegova vladavina označila je prelomni trenutak: od rasutih zemalja i lokalnih vlasti nastajala je prepoznatljiva i snažna srpska država. U tome nije bio samo ratnik, već i organizator koji je razumeo da trajna vlast ne počiva isključivo na oružju, nego i na poretku, veri i državnom autoritetu.

Posebno mesto u njegovom životu zauzima crkva. Nemanja je dobro razumeo da duhovno jedinstvo učvršćuje i političko jedinstvo, pa je gradio i obnavljao svetinje kao vid lične pobožnosti, ali i kao izraz državničke svesti. Pri kraju života odrekao se vlasti u korist sina Stefana, zamonašio se kao Simeon i zajedno sa sinom Savom učestvovao u podizanju Hilandara, čime je njegov život dobio i snažnu duhovnu završnicu.

Značaj kao ktitora:
Stefan Nemanja se smatra jednim od najvažnijih srpskih ktitora. Njegove zadužbine nisu bile samo mesta molitve već i simboli novog državnog poretka, kulturnog uzdizanja i duhovnog identiteta srpskog naroda.

Zadužbine i veze sa svetinjama:
Njegove najpoznatije zadužbine su manastir Studenica, Đurđevi Stupovi i, posredno sa Savom, Hilandar. Studenica je posebno značajna kao jedna od najlepših i najvažnijih srpskih srednjovekovnih svetinja.

Istorijski značaj:
Nemanja je ostao upamćen kao rodonačelnik vladarske kuće Nemanjića, državnik koji je postavio temelje srpske državnosti i vladar čije su političko delo i ktitorski rad ostavili trajne posledice u istoriji Srbije.",Veliki župan,Nemanjići,1,Manastir Hilandar,images/ktitors/stefan-nemanja.jpg
Stefan Prvovenčani,stefan-prvovencani,1165,1228,"Kratak opis:
Prvi krunisani srpski kralj, sin Stefana Nemanje i vladar koji je Srbiji obezbedio kraljevsku krunu i veći međunarodni ugled.

Biografija:
Stefan Prvovenčani nasledio je veliki državni posao koji je započeo njegov otac. Po preuzimanju vlasti morao je da očuva jedinstvo zemlje, da se izbori sa spoljnim pritiscima i da učvrsti svoj položaj u složenim odnosima sa Vizantijom, Ugarskom i zapadnim silama. Njegova politika nije bila nagla, već odmjerena: išao je ka tome da Srbija dobije stabilnost, priznanje i viši državni rang.

Najveći politički uspeh njegove vladavine bilo je kraljevsko krunisanje 1217. godine. Time je Srbija izašla iz okvira obične županske države i postala kraljevina, ravnopravnija drugim evropskim državama. Podjednako je važno i to što je ubrzo zatim, zahvaljujući delovanju njegovog brata Svetog Save, srpska crkva dobila samostalnost. Ta dva uspeha — kraljevina i autokefalna crkva — snažno su učvrstila srpsku državu.

Stefan Prvovenčani nije bio samo vladar nego i obrazovan čovek. U njegovom životu vidi se spoj političke pronicljivosti i književne kulture. Napisao je Žitije Svetog Simeona, čime je postao i važna ličnost srpske srednjovekovne književnosti.

Značaj kao ktitora:
Kao vladar iz kuće Nemanjića, Prvovenčani je nastavio porodičnu ktitorsku tradiciju. Podržavao je crkvu i svetinje ne samo iz pobožnosti nego i iz razumevanja njihove državne i kulturne uloge.

Zadužbine i veze sa svetinjama:
Najviše je vezan za Studenicu, očevu zadužbinu, kao i za razvoj Hilandara i crkvenog života u Srbiji. Njegova vladavina pripada vremenu u kome su svetinje postale oslonac državnog i duhovnog identiteta.

Istorijski značaj:
Ostao je upamćen kao prvi srpski kralj i jedan od vladara koji su konačno učvrstili položaj Srbije u političkom i duhovnom poretku srednjeg veka.",Kralj,Nemanjići,1,Manastir Studenica,images/ktitors/stefan-prvovencani.jpg

Stefan Radoslav,stefan-radoslav,1192,1235,"Kratak opis:
Sin Stefana Prvovenčanog i kralj čiju je vladavinu obeležila jaka vezanost za vizantijski krug i slabljenje unutrašnjeg oslonca u državi.

Biografija:
Stefan Radoslav došao je na presto kao zakoniti naslednik, oslanjajući se na ugled svog oca i podršku crkvenog autoriteta Svetog Save. Ipak, njegova vladavina pokazala je da poreklo i pravo nasleđa nisu dovoljni ako vladar ne uspe da pridobije vlastelu i učvrsti sopstveni autoritet. Na njegovom dvoru i u politici osećao se snažan vizantijski uticaj, što je postepeno izazivalo nezadovoljstvo među srpskim velikašima.

Bio je obrazovan i kulturno okrenut vizantijskom svetu, ali u političkom smislu nije pokazao dovoljnu čvrstinu. Državne prilike na Balkanu bile su promenljive, a poraz njegovih tasta u Bugarskoj dodatno je oslabilo njegov položaj. U času kada mu je bio potreban oslonac u zemlji, pokazalo se da ga nema dovoljno. Zbačen je sa prestola, a vlast je prešao u ruke njegovog brata Vladislava.

Posle gubitka prestola sklonio se iz neposredne politike. Kasnije se vratio i zamonašio, a njegov život se od tada više vezuje za povučenost nego za vladarski rad.

Značaj kao ktitora:
Iako nije ostao upamćen po velikim političkim uspesima, Radoslav pripada nizu vladara koji su negovali vezu sa crkvom i srednjovekovnim duhovnim nasleđem.

Zadužbine i veze sa svetinjama:
Njegovo ime se vezuje za podršku crkvenom životu i nastavak tradicije darivanja svetinja, iako u poređenju sa drugim Nemanjićima nema toliko snažno izražen ktitorski pečat.",Kralj,Nemanjići,0,Manastir Studenica,images/ktitors/stefan-radoslav.jpg
Stefan Vladislav,stefan-vladislav,1198,1267,"Kratak opis:
Kralj iz kuće Nemanjića čija je vladavina bila snažno povezana sa Bugarskom i koji je ostao posebno upamćen po prenosu moštiju Svetog Save u Mileševu.

Biografija:
Stefan Vladislav došao je na vlast u vremenu kada su odnosi među balkanskim državama bili veoma osetljivi, a uticaj Bugarske snažan. Kao vladar, oslanjao se na veze sa bugarskim dvorom, što mu je u početku davalo političku sigurnost. Ipak, takav položaj je značio i zavisnost od promenljivih međunarodnih okolnosti, pa je njegov unutrašnji oslonac u državi bio manje čvrst nego što se na prvi pogled činilo.

Njegova vladavina najviše se pamti po važnom duhovnom i političkom događaju — prenosu moštiju Svetog Save iz Trnova u Srbiju. Taj čin nije bio samo izraz poštovanja prema najvažnijoj ličnosti srpske crkve, nego i snažna potvrda duhovnog jedinstva zemlje. Mošti su prenete u Mileševu, koja je time postala jedno od najvažnijih mesta srpskog duhovnog života.

Kako su spoljne prilike postajale nepovoljnije, a njegova politička osnova slabija, Vladislav je na kraju izgubio presto. Ipak, ostao je značajna figura u razvoju srpske srednjovekovne države zbog svoje povezanosti sa velikim crkvenim i dinastičkim događajima.

Značaj kao ktitora:
Vladislav je ostao snažno vezan za manastir Mileševu, jednu od najpoznatijih srpskih zadužbina. Njegovo ime se u srpskom pamćenju najčešće javlja upravo uz tu svetinju.

Zadužbine i veze sa svetinjama:
Najpoznatija njegova zadužbina je manastir Mileševa. Zbog moštiju Svetog Save Mileševa je vekovima imala izuzetan ugled među srpskim svetinjama.

Istorijski značaj:
Iako nije bio među najsnažnijim vladarima dinastije, Vladislav je ostao važan kao ktitor i kao vladar povezan sa jednim od najvažnijih mesta srpske duhovne istorije.",Kralj,Nemanjići,0,Manastir Mileševa,images/ktitors/stefan-vladislav.jpg

Stefan Uroš I,stefan-uros-i,1223,1277,"Kratak opis:
Vladar koji je Srbiju ojačao privredno, razvio rudarstvo i trgovinu i učvrstio državu kao ozbiljan politički faktor na Balkanu.

Biografija:
Stefan Uroš I došao je na vlast u periodu kada je Srbiji bilo potrebno ne samo političko nego i ekonomsko jačanje. Njegova vladavina pokazala je da snažna država ne počiva samo na teritorijalnim osvajanjima, već i na uređenju finansija, trgovine i unutrašnjeg poretka. Upravo je u tome Uroš bio naročito uspešan. Pod njegovim vođstvom Srbija je osetno napredovala u privredi, a posebno mesto dobilo je rudarstvo, koje je kasnije postalo jedan od temelja državnog bogatstva.

On je umeo da iskoristi povoljne okolnosti na Balkanu i da usmeri političku energiju Srbije prema oblastima od najveće važnosti. U spoljnim odnosima delovao je oprezno i razborito, a u unutrašnjem uređenju pokazao je sklonost redu, radu i jačanju državnog principa. Njegov dvor, iako skromniji od kasnijeg vizantijskog sjaja Nemanjića, počivao je na disciplini i jasnom osećaju odgovornosti.

Pri kraju vladavine sukobio se sa sinom Dragutinom, koji je uz pomoć spoljnog oslonca uspeo da ga zbaci s prestola. Posle poraza Uroš se povukao i umro van aktivne politike, ali je iza sebe ostavio jaču i bogatiju državu nego što ju je zatekao.

Značaj kao ktitora:
Uroš I je nastavio nemanjićku tradiciju pomaganja crkve i svetinja. Njegova uloga kao ktitora vezana je za podršku manastirima i za opšti doprinos jačanju duhovnog i kulturnog života.

Zadužbine i veze sa svetinjama:
Njegovo vreme vezuje se za snažnu zaštitu crkve, a u širem smislu i za uslove u kojima su se razvijale velike svetinje i srednjovekovna srpska kultura.

Istorijski značaj:
Ostao je upamćen kao vladar koji je usmerio Srbiju ka ekonomskom jačanju i pripremio teren za politički i teritorijalni uspon svojih naslednika.",Kralj,Nemanjići,0,Manastir Sopoćani,images/ktitors/stefan-uros-i.jpg
Kralj Dragutin,kralj-dragutin,1253,1316,"Kratak opis:
Kralj koji je nakon pobune protiv oca vladao Srbijom, a potom se odrekao prestola u korist brata Milutina, zadržavši posebne severne oblasti.

Biografija:
Dragutin nije bio vladar snažne lične inicijative kao neki od njegovih naslednika, ali je u istoriji ostao važan zbog mesta koje zauzima u dinastičkim odnosima i državnoj podeli među Nemanjićima. Na vlast je došao posle sukoba sa ocem Urošem I, oslanjajući se i na spoljne veze preko ugarskog dvora. Ipak, njegova vladavina nije dugo trajala u punom obimu.

Posle vojnog neuspeha i teške nesreće pri padu sa konja, Dragutin je izgubio deo političke odlučnosti i predao presto mlađem bratu Milutinu. To odricanje od vlasti nije značilo potpuni nestanak iz politike. Naprotiv, Dragutin je zadržao značajne oblasti na severu — Srem, Mačvu i delove Bosne — i tamo vladao kao poseban gospodar sa kraljevskim dostojanstvom.

U kasnijim godinama sve se više okretao veri i asketskom životu. Savremenici ga opisuju kao čoveka koji je pred kraj života pokazivao snažnu pobožnost, vezanost za crkvu i sklonost smirenju.

Značaj kao ktitora:
Dragutin je značajan kao zaštitnik crkve i ktitor više svetinja, naročito u krajevima kojima je vladao posle povlačenja sa srpskog prestola.

Zadužbine i veze sa svetinjama:
Za njegovo ime se vezuju svetinje kao što su Tronoša i Đurđevi Stupovi kod Rasa u obnoviteljskom smislu, kao i snažna podrška crkvenom životu u njegovim oblastima.",Kralj,Nemanjići,1,Manastir Đurđevi Stupovi,images/ktitors/kralj-dragutin.jpg

Kralj Milutin,kralj-milutin,1253,1321,"Kratak opis:
Jedan od najsnažnijih srpskih vladara i jedan od najvećih srpskih ktitora, poznat po teritorijalnom širenju države i brojnim zadužbinama.

Biografija:
Kralj Milutin je tokom svoje duge vladavine pretvorio Srbiju u jednu od najvažnijih sila na Balkanu. Savremenici su ga cenili kao bogatog, moćnog i politički veoma sposobnog vladara. Proširio je državu prema jugu, ojačao vojsku i uveo izraženiji sjaj i ceremonijal na dvoru, približavajući Srbiju vizantijskom modelu državnosti.

Pod Milutinom je Srbija ostvarila značajan politički i kulturni uspon. On nije bio samo osvajač, već i graditelj. U njegovo vreme podignut je veliki broj crkava i manastira, a njegov ktitorski rad po obimu nadmašuje većinu drugih vladara. Istovremeno, njegova ličnost bila je složena: privatni i dinastički odnosi bili su burni, a pitanje nasleđa prestola ostalo je opterećeno sukobima.

Uprkos spoljašnjoj moći, država nije bila do kraja unutrašnje učvršćena. To će se jasno pokazati posle njegove smrti, kada izbijaju teški dinastički sukobi. Ipak, Milutinovo ime ostaje simbol velikog državnog uspona i graditeljske energije.

Značaj kao ktitora:
Milutin je jedan od najvećih ktitora u srpskoj istoriji. Njegove zadužbine predstavljaju vrhunac srednjovekovne srpske sakralne umetnosti i trajni su deo duhovnog identiteta srpskog naroda.

Zadužbine i veze sa svetinjama:
Njegove najpoznatije zadužbine su Gračanica, Banjska, Bogorodica Ljeviška, Staro Nagoričino i više svetinja na Svetoj Gori i u Solunu. Posebno se izdvaja Gračanica kao remek-delo srpske srednjovekovne arhitekture.

Istorijski značaj:
Milutin je ostao upamćen kao veliki vladar, osvajač i graditelj, čovek pod kojim je Srbija snažno uznapredovala i politički i kulturno.",Kralj,Nemanjići,1,Manastir Banjska,images/ktitors/kralj-milutin.jpg
Stefan Dečanski,stefan-decanski,1276,1331,"Kratak opis:
Tragična ali velika ličnost srpske istorije, pobednik kod Velbužda i ktitor manastira Visoki Dečani.

Biografija:
Stefan Dečanski je život proveo u senci teških porodičnih i političkih sukoba. Kao sin kralja Milutina doživeo je pobunu, kaznu, progonstvo i oslepljenje, pa je veliki deo mladosti proveo u izuzetno nepovoljnim okolnostima. Upravo ta životna težina oblikovala je njegovu ličnost i ostavila trag na njegovoj vladavini.

Posle Milutinove smrti uspeo je da odnese pobedu nad suparnicima i preuzme srpski presto. Njegov najveći politički i vojni uspeh bila je bitka kod Velbužda 1330. godine, kada je srpska vojska porazila Bugare i time odlučujuće učvrstila srpski položaj na Balkanu. Taj trijumf ga je uzdigao u očima savremenika, ali nije uspeo da mu obezbedi dugotrajnu unutrašnju stabilnost.

U odnosima sa vlastelom i u vođenju politike nije uvek pokazivao onu energiju koju su okolnosti tražile. Nezadovoljstvo je raslo, a njegov sin Dušan uspeo je da ga zbaci sa prestola. Dečanski je zatvoren i ubrzo je umro, pa je njegova sudbina ostala upamćena kao duboko tragična.

Značaj kao ktitora:
Stefan Dečanski je jedan od najvažnijih srpskih ktitora jer je podigao Visoke Dečane, jednu od najvećih i najznačajnijih srpskih srednjovekovnih svetinja.

Zadužbine i veze sa svetinjama:
Njegova najpoznatija zadužbina je manastir Visoki Dečani. Ta svetinja predstavlja vrhunac srednjovekovnog graditeljstva i snažan spomenik vladareve vere, ugleda i istorijske ambicije.

Istorijski značaj:
Dečanski je ostao upamćen kao pobednik kod Velbužda, tragični vladar i ktitor jedne od najveličanstvenijih srpskih svetinja.",Kralj,Nemanjići,1,Manastir Visoki Dečani,images/ktitors/stefan-decanski.jpg

Car Dušan,car-dusan,1308,1355,"Kratak opis:
Najmoćniji srpski srednjovekovni vladar, tvorac Srpskog carstva i zakonodavac čija je država dostigla najveći obim.

Biografija:
Car Dušan je stupio na presto kao veoma mlad, ali izuzetno energičan i ambiciozan vladar. Još od ranih godina nosio je iskustvo teških političkih prilika, boravka u Carigradu i složenih porodičnih odnosa, pa je brzo sazreo za velike državničke odluke. Kada je preuzeo vlast, Srbija je već bila snažna država, ali je on uspeo da tu snagu pretvori u veliki osvajački i državni poduhvat.

Koristeći slabosti Vizantije i građanski rat u njoj, Dušan je proširio vlast nad velikim delom Makedonije, Epira i Tesalije. Zauzimanje Sereza imalo je poseban simbolički i strateški značaj, jer je time njegov put ka stvaranju većeg državnog oblika postao jasniji. Uvideo je da dotadašnji rang kraljevine više ne odgovara stvarnom obimu i ambiciji njegove države, pa se 1346. godine u Skoplju krunisao za cara. Istovremeno je srpska arhiepiskopija uzdignuta na rang patrijaršije.

Dušanovo delo bilo je veliko, ali i teško održivo. Njegova zamisla o srpsko-vizantijskom carstvu bila je smela i istorijski snažna, ali je država bila sastavljena od različitih oblasti, stanovništva i tradicija koje nisu bile do kraja stopljene u jedinstvenu celinu. Ipak, njegova energija, vojni uspeh i državna organizacija držali su to carstvo na okupu.

Pored osvajanja, Dušan je ostao upamćen i po Dušanovom zakoniku — jednom od najvažnijih pravnih spomenika srednjovekovne Evrope. U njemu se vidi njegova težnja da veliku državu uredi zakonima, hijerarhijom i odgovornošću.

Značaj kao ktitora:
Dušan je bio veliki zaštitnik crkve i nastavio je nemanjićku tradiciju ktitorstva. Njegov odnos prema svetinjama bio je deo šire državne ideje i vladarskog ugleda.

Zadužbine i veze sa svetinjama:
Za njegovo ime vezuju se Sveti Arhangeli kod Prizrena, podrška Hilandaru i drugim svetinjama, kao i snažna zaštita crkvenog poretka u vreme kada je Srbija postala carstvo.",Car,Nemanjići,0,Manastir Sveti Arhangeli,images/ktitors/car-dusan.jpg
Uroš Nejaki (Car Uroš),uros-nejaki,1336,1371,"Kratak opis:
Poslednji vladar iz glavne loze Nemanjića, blag i slab vladar koji je nasledio veliko carstvo ali nije uspeo da ga održi.

Biografija:
Car Uroš nasledio je od oca ogromnu i složenu državu, sastavljenu od mnogih oblasti koje su bile različite po jeziku, tradiciji, političkoj kulturi i stepenu vezanosti za srpsko državno središte. Teret takve države bio bi težak i za iskusnog i snažnog vladara, a kamoli za mladog čoveka meke prirode, kakav je bio Uroš.

Savremenici i kasnija tradicija zapamtili su ga kao neodlučnog i povodljivog. Nije imao onu silinu kojom bi obuzdao ambiciozne velikaše niti onu političku energiju kojom bi učvrstio ogromno carstvo. U njegovo vreme oblastni gospodari postajali su sve samostalniji, a raspad dušanove države polako je prelazio iz prikrivene slabosti u vidljivu stvarnost.

Ipak, nije čitava krivica bila samo na njemu. Država koju je nasledio bila je unutrašnje nedovoljno povezana, sa jakim centrifugalnim silama koje su samo čekale povoljan trenutak da se odvoje. Uroš nije uspeo da zaustavi taj proces, ali ga nije ni stvorio.

Značaj kao ktitora:
Uroš nije ostao upamćen kao veliki graditelj i ktitor poput svojih prethodnika, ali se i njegovo ime nalazi u krugu vladara koji su čuvali vezu sa crkvom i svetinjama.

Zadužbine i veze sa svetinjama:
Njegov ktitorski značaj je skromniji, a istorijska pažnja više je usmerena na raspad države u njegovo vreme nego na graditeljsku delatnost.

Istorijski značaj:
Smrću cara Uroša ugašena je glavna loza Nemanjića. Zato on zauzima važno mesto u istoriji kao poslednji vladar jedne velike dinastije i svedok kraja jednog državnog doba.",Car,Nemanjići,0,Manastir Matejić,images/ktitors/uros-nejaki.jpg

Sveti Sava,sveti-sava,1175,1236,"Kratak opis:
Najznačajnija ličnost srpske crkvene istorije, prvi srpski arhiepiskop i jedan od najvećih duhovnih ktitora srpskog naroda.

Biografija:
Sveti Sava, rođen kao Rastko Nemanjić, bio je najmlađi sin Stefana Nemanje. Iako je mogao da gradi svetovnu vladarsku karijeru, izabrao je monaški put i otišao na Svetu Goru. Tamo je sazreo kao duhovna i kulturna ličnost, a zajedno sa ocem Simeonom učestvovao je u podizanju i učvršćivanju Hilandara.

Njegova najveća istorijska uloga ogleda se u tome što je 1219. godine izborio samostalnost Srpske crkve i postao njen prvi arhiepiskop. Time je učvrstio ne samo crkveni poredak, nego i duhovni identitet srpske države. Putovao je, mirio zavađene, uređivao crkveni život, podizao ugled Srbije i ostavio snažan trag u obrazovanju, književnosti i zakonodavstvu.

Značaj kao ktitora:
Sveti Sava je jedan od najvažnijih ktitora u srpskoj istoriji, ne samo kao graditelj nego i kao duhovni osnivač brojnih institucija i svetinja.

Zadužbine i veze sa svetinjama:
Najviše je vezan za Hilandar, Žiču, Studenicu i celokupno uređenje srpske crkve. Njegov trag u srpskoj duhovnoj kulturi je neuporediv.

Istorijski značaj:
Sveti Sava je ostao simbol duhovnosti, prosvete i crkvenog identiteta srpskog naroda.",Arhiepiskop,Nemanjići,1,Manastir Mileševa,images/ktitors/sveti-sava.jpg
Ana Dandolo,ana-dandolo,1190,1258,"Kratak opis:
Mletačka princeza i supruga Stefana Prvovenčanog, kraljica Srbije i važna ličnost u povezivanju srpskog dvora sa zapadnim svetom.

Biografija:
Ana Dandolo poticala je iz ugledne mletačke porodice i udajom za Stefana Prvovenčanog postala je srpska kraljica. Njen brak imao je i politički značaj, jer je učvršćivao veze Srbije sa zapadnim državnim i trgovačkim krugovima. U vremenu kada je Srbija tražila međunarodno priznanje i učvršćenje svog položaja, takve veze bile su veoma važne.

Iako u istorijskim izvorima nije prikazana toliko opširno kao pojedini vladari, Ana zauzima važno mesto u istoriji dvora Nemanjića. Kao kraljica, učestvovala je u reprezentativnom i dinastičkom životu države i pripadala je krugu žena koje su svojim poreklom, ugledom i vezama doprinosile jačanju prestiža srpskog dvora.

Značaj kao ktitora:
Ana Dandolo se vezuje za dvorski i crkveni život u vreme prvih kraljevskih Nemanjića i za podsticanje ugleda srpske države i njene kulture.

Zadužbine i veze sa svetinjama:
Njeno ime se dovodi u vezu sa podrškom crkvenim ustanovama i sa kulturnim životom dvora, iako nije ostavila tako prepoznatljivu samostalnu zadužbinu kao neki vladari.

Istorijski značaj:
Važna je kao kraljica Srbije i kao ličnost koja simbolizuje širenje međunarodnih veza srpske države u vreme Stefana Prvovenčanog.",Kraljica,Nemanjići,0,Manastir Žiča,images/ktitors/ana-dandolo.jpg

Ana (žena Stefana Nemanje),ana-zena-stefana-nemanje,1125,1200,"Kratak opis:
Supruga Stefana Nemanje i majka Svetog Save, Stefana Prvovenčanog i Vukana, važna ličnost u porodici koja je oblikovala početke dinastije Nemanjića.

Biografija:
Ana, u monaštvu Anastasija, zauzima važno mesto u ranom periodu nemanjićke dinastije. Kao supruga Stefana Nemanje bila je deo porodice koja je postavila temelje srpske države i srpske duhovne tradicije. Njena uloga ne meri se političkim odlukama kao kod vladara, već tišim, ali veoma važnim prisustvom u porodici iz koje su potekle ključne ličnosti srpske istorije.

Kao majka Svetog Save i Stefana Prvovenčanog, ona pripada korenu nemanjićkog državnog i duhovnog nasleđa. Predanje i crkvena tradicija pamte je kao pobožnu i uglednu ženu, duboko vezanu za veru i hrišćanski život. U starosti se zamonašila, kao i njen muž, čime je njen život dobio i duhovni završetak.

Značaj kao ktitora:
Njeno ime je važno u okviru nemanjićke zadužbinarske tradicije i kao deo porodice koja je snažno podržavala crkvu i svetinje.

Zadužbine i veze sa svetinjama:
Vezuje se za duhovni krug Studenice i za tradiciju koju su nastavili njeni sinovi i potomci. Poštovana je kao Sveta Anastasija.

Istorijski značaj:
Važna je kao praosnova najznačajnije srpske srednjovekovne porodice i kao žena čija je pobožnost ostala deo crkvenog i narodnog pamćenja.",Kraljica,Nemanjići,1,Manastir Studenica,images/ktitors/ana-zena-stefana-nemanje.jpg
Carica Jelena,carica-jelena,1310,1376,"Kratak opis:
Supruga cara Dušana i majka cara Uroša, jedna od najuglednijih žena srpske srednjovekovne istorije.

Biografija:
Carica Jelena bila je žena cara Dušana i ličnost visokog ugleda na srpskom dvoru u vreme najveće moći srpske države. Kao carica učestvovala je u reprezentativnom i dinastičkom životu carstva, a njena uloga postajala je posebno važna u složenim odnosima sa susednim državama i u očuvanju ugleda carskog doma.

Savremenici je pamte kao dostojanstvenu i uticajnu ženu. U vremenu velikih državnih pretenzija i snažnog dvorskog ceremonijala, Jelena je pripadala samom vrhu političkog i društvenog života. Posle Dušanove smrti njen položaj ostao je značajan, a i dalje je imala uticaja u državnim i crkvenim krugovima.

Značaj kao ktitora:
Carica Jelena je važna kao zaštitnica crkve i kao žena koja je podržavala duhovni i kulturni život srpskog carstva.

Zadužbine i veze sa svetinjama:
Njeno ime se vezuje za podršku manastirima i crkvenim ustanovama, a posebno za svetinje sa kojima je bio povezan carski dvor Nemanjića.

Istorijski značaj:
Ostala je zapamćena kao carica u vreme vrhunca srpske moći i kao jedna od najistaknutijih žena srpskog srednjeg veka.",Carica,Nemanjići,0,Manastir Sveti Arhangeli,images/ktitors/carica-jelena.jpg

Jelena Anžujska,jelena-anzujska,1236,1314,"Kratak opis:
Kraljica Srbije, supruga Uroša I i jedna od najvažnijih srednjovekovnih žena u srpskoj istoriji, poznata po pobožnosti i zadužbinarstvu.

Biografija:
Jelena Anžujska bila je žena kralja Uroša I i majka Dragutina i Milutina. Po poreklu povezana sa zapadnim plemićkim krugovima, a po životu duboko uronjena u srpsku sredinu, uspela je da spoji plemenito držanje, političku važnost i izrazitu pobožnost. U istoriji je ostala upamćena kao obrazovana, mudra i dobrotvorna vladarka.

Posle muževljevog pada zadržala je ugled i uticaj, a upravljala je i posebnim oblastima. Bila je naklonjena i pravoslavnom i katoličkom stanovništvu u krajevima pod njenom upravom, što govori o njenoj širini i sposobnosti da održava red u složenim sredinama.

Značaj kao ktitora:
Jelena Anžujska spada među najpoznatije srpske ktitore među vladarkama. Njen rad na zadužbinama, dobrotvornim delima i zaštiti crkve ostavio je dubok trag.

Zadužbine i veze sa svetinjama:
Najpoznatije se vezuje za Gradac, svoju čuvenu zadužbinu, kao i za pomaganje crkava, škola i siromašnih. Gradac je jedan od najlepših spomenika srpske srednjovekovne arhitekture.

Istorijski značaj:
Ostala je upamćen kao mudra kraljica, majka dvojice kraljeva i velika ktitorka sa trajnim ugledom u srpskoj istoriji.",Kraljica,Anžujci,1,Manastir Gradac,images/ktitors/jelena-anzujska.jpg
Kneginja Milica,kneginja-milica,1335,1405,"Kratak opis:
Supruga kneza Lazara, vladarka i monahinja, jedna od najvažnijih žena srpske pozne srednjovekovne istorije.

Biografija:
Kneginja Milica bila je žena kneza Lazara i posle Kosovske bitke jedna od ključnih ličnosti u vođenju srpske države. U vremenu velike opasnosti, kada je zemlja ostala bez kneza i kada su se posledice boja na Kosovu tek pokazivale, Milica je pokazala političku razboritost, strpljenje i sposobnost da očuva državu i dinastički kontinuitet.

Njena ličnost spaja vladarsku odgovornost i duboku pobožnost. Posle aktivne političke uloge zamonašila se kao Evgenija, ali je i tada ostala važna figura srpskog duhovnog i kulturnog života.

Značaj kao ktitora:
Milica je veoma važna kao ktitorka i dobrotvorka, naročito u okviru lazarevićkog i moravskog duhovnog kruga.

Zadužbine i veze sa svetinjama:
Vezuje se za Ljubostinju, svoju najpoznatiju zadužbinu, kao i za snažnu podršku crkvi u teškom vremenu posle Kosovske bitke.

Istorijski značaj:
Ostala je simbol dostojanstva, vere i državničke mudrosti u jednom od najtežih razdoblja srpske istorije.",Kneginja,Hrebeljanovići,1,Manastir Ljubostinja,images/ktitors/kneginja-milica.jpg

Knez Lazar Hrebeljanović,lazar-hrebveljanovic,1329,1389,"Kratak opis:
Jedan od najvažnijih srpskih vladara pozne srednjovekovne Srbije, knez i veliki ktitor, simbol Kosova i duhovnog opredeljenja.

Biografija:
Knez Lazar Hrebeljanović uzdigao se u vremenu posle raspada Dušanovog carstva, kada su srpske zemlje bile podeljene među više velikaša. Uspeo je da postane najvažniji gospodar među njima, da oko sebe okupi značajan deo srpskih oblasti i da obnovi ideju državnog i duhovnog središta.

Njegova vladavina bila je obeležena nastojanjem da se očuva poredak, učvrsti crkva i zaštiti zemlja od nadolazeće osmanske opasnosti. Kao vladar ostao je duboko urezan u istoriju zbog Kosovske bitke 1389. godine, posle koje je u narodnoj i crkvenoj tradiciji dobio gotovo zavetni značaj.

Značaj kao ktitora:
Knez Lazar je bio veliki ktitor i zaštitnik crkve. Njegov zadužbinarski rad bio je tesno povezan sa duhovnim preporodom i kulturnim razvojem Moravske Srbije.

Zadužbine i veze sa svetinjama:
Najpoznatija njegova zadužbina je Ravanica, jedan od najvažnijih manastira srpske istorije. Vezuje se i za podršku više svetinja i crkvenih ustanova.

Istorijski značaj:
Knez Lazar je ostao simbol vere, žrtve, državne odgovornosti i kosovskog zaveta u srpskoj istoriji.",Knez,Hrebeljanovići,1,Manastir Ravanica,images/ktitors/knez-lazar.jpg
Simonida,simonida,1294,1345,"Kratak opis:
Vizantijska princeza i supruga kralja Milutina, jedna od najpoznatijih žena srpske srednjovekovne istorije.

Biografija:
Simonida je kao vrlo mlada stupila u brak sa kraljem Milutinom, u okviru velikog političkog sporazuma između Srbije i Vizantije. Taj brak imao je snažan diplomatski značaj i pokazivao je koliko je Srbija u Milutinovo vreme porasla u ugled i političku važnost. Simonida je sa sobom donela i deo vizantijskog dvorskog sjaja, kulture i simbolike.

Iako je bila više istorijski i umetnički simbol nego aktivna politička ličnost, ostala je veoma prisutna u pamćenju srpskog naroda. Njeno ime vekovima je vezivano za lepotu, tugu i dvorsku sudbinu, a naročito je poznata po fresci u Gračanici.

Značaj kao ktitora:
Simonida se ne izdvaja kao samostalni ktitor u meri u kojoj se izdvajaju pojedini srpski vladari i vladarke, ali je snažno vezana za zadužbine Milutinovog doba i za kulturni sjaj njegovog vremena.

Zadužbine i veze sa svetinjama:
Najviše se povezuje sa Gračanicom i sa umetničkim i duhovnim nasleđem milutinovske epohe.

Istorijski značaj:
Važna je kao simbol srpsko-vizantijskih veza i kao jedna od najprepoznatljivijih ženskih figura srednjovekovne Srbije.",Kraljica,Nemanjići,0,Manastir Gračanica,images/ktitors/simonida.jpg
Stefan Lazarević,stefan-lazarevic,1377,1427,"Kratak opis:
Despot Srbije, vitez, pesnik i ktitor, jedan od najistaknutijih vladara pozne srednjovekovne Srbije.

Biografija:
Stefan Lazarević, sin kneza Lazara i kneginje Milice, preuzeo je vlast u teškom vremenu posle Kosovske bitke. Tokom svoje vladavine pokazao je izuzetnu političku prilagodljivost, vojnu sposobnost i kulturnu širinu. Uspeo je da Srbiju održi i ojača između velikih sila svog vremena — Osmanlija, Ugarske i Vizantije.

Kao vladar bio je i ratnik i državnik, ali i jedan od najobrazovanijih ljudi svog doba. Njegovo vreme obeleženo je razvojem Beograda, jačanjem dvora, književnosti i viteške kulture. Pisao je i književna dela, a u njegovoj ličnosti spojili su se politička snaga i duhovna osećajnost.

Značaj kao ktitora:
Stefan Lazarević je bio veliki ktitor i zaštitnik manastira, crkava i kulture. Njegovo doba predstavlja jedan od vrhunaca pozne srednjovekovne srpske umetnosti.

Zadužbine i veze sa svetinjama:
Najpoznatije je vezan za Manasiju, svoju monumentalnu zadužbinu, kao i za podršku drugim svetinjama i prepisivačkim centrima.

Istorijski značaj:
Ostao je upamćen kao despot, vojskovođa, pesnik i graditelj, jedna od najsloženijih i najupečatljivijih ličnosti srpske istorije.",Despot,Lazarevići,1,Manastir Manasija,images/ktitors/stefan-lazarevic.jpg