slug;name;region;city;description_short;lat;lng;status;eparchy;description;image_url;wikipedia_url;source;ktitor;godina_izgradnje;napomena_podaci;coord_source;coord_url;coord_status
bavaniste;Manastir Bavanište;Vojvodina;Kovin;Svetinja Rođenja Bogorodice u južnom Banatu;44.8271;20.8940;aktivan;Eparhija banatska;Manastir Bavanište je drevna pravoslavna svetinja poznata po isceliteljskom izvoru vode. Prema predanju, temelji manastira potiču iz vremena pre turske okupacije. Narod ga vekovima posećuje zbog duhovnog mira i lekovitosti izvora koji se nalazi u porti manastira.;;https://manastiri.rs/eparhije/banatska/manastir-bavaniste/;manastiri.rs;Nepoznat;1500;Ispravno;osm-overpass-exact;;ok
gaj;Manastir Gaj;Vojvodina;Kovin;Hram Svetog velikomučenika Georgija;44.7703;21.0889;aktivan;Eparhija banatska;Manastir Gaj je duhovna tačka vernika u južnom Banatu. Iako je arhitektura jednostavna, manastirski život je obnovljen u moderno doba, pružajući vernicima mesto za molitvu i sabranje u mirnom ambijentu banatske ravnice.;;https://manastiri.rs/eparhije/banatska/manastir-gaj/;manastiri.rs;Nepoznat;1900;Ispravno;osm-overpass-exact;;ok
hajducica;Manastir Hajdučica;Vojvodina;Plandište;Ženski manastir posvećen Svetim Arhanđelima;45.2539;20.9661;aktivan;Eparhija banatska;Manastir Hajdučica je ženski manastir koji baštini pravoslavnu tradiciju severoistočne Srbije. Kompleks je okružen prirodom i poznat po strogom monaškom tipiku i lepoti manastirskih konaka.;;https://manastiri.rs/eparhije/banatska/manastir-hajducica/;manastiri.rs;Nepoznat;1939;Ispravno;osm-overpass-exact;;ok
mesic;Manastir Mesić;Vojvodina;Vršac;Značajan srednjovekovni manastir posvećen Svetom Jovanu Preteči;45.1041;21.3920;aktivan;Eparhija banatska;Manastir Mesić se smatra jednim od najznačajnijih spomenika u Banatu. Podignut u srednjem veku, u njemu se prepliće uticaj vizantijske arhitekture sa lokalnim duhovnim nasleđem, a manastir je kroz vekove bio centar pismenosti i umetnosti.;;https://manastiri.rs/eparhije/banatska/manastir-mesic/;manastiri.rs;Arsenije Bogdanović;1225;Ispravno;osm-overpass-exact;;ok
srediste;Manastir Središte;Vojvodina;Vršac;Obnovljena svetinja na padinama Vršačkih planina;45.1441;21.3977;aktivan;Eparhija banatska;Smešten na padinama Vršačkih planina, manastir Središte je obnovljen krajem 20. veka na temeljima starog manastira iz doba Brankovića. Predstavlja važan duhovni spomenik srpske srednjovekovne istorije u Vojvodini.;;https://manastiri.rs/eparhije/banatska/manastir-srediste/;manastiri.rs;Jovan Branković;1500;Ispravno;osm-overpass-exact;;ok
sveta-trojica-kikinda;Manastir Sveta Trojica Kikinda;Vojvodina;Kikinda;Duhovni centar severnog Banata;45.8333;20.4667;aktivan;Eparhija banatska;Manastir Sveta Trojica u Kikindi podignut je kao spomen na stradanje Srba u severnom Banatu. Danas je to duhovni centar koji okuplja vernike iz celog regiona, negujući pravoslavnu tradiciju u ovom specifičnom podneblju.;;https://manastiri.rs/eparhiri/banatska/manastir-sveta-trojica-kikinda/;manastiri.rs;Nepoznat;1887;Ispravno;osm-overpass-exact;;ok
svete-melanije;Manastir Svete Melanije;Vojvodina;Zrenjanin;Prvi ženski manastir u Eparhiji banatskoj;45.3939;20.4130;aktivan;Eparhija banatska;Manastir Svete Melanije Rimljanke osnovao je episkop banatski dr Georgije Letić 1935. godine. Ovo je prvi ženski manastir u eparhiji, poznat po izuzetnom ikonopisu i posvećenosti monahinja obrazovanju i duhovnom radu.;;https://manastiri.rs/eparhije/banatska/manastir-svete-melanije/;manastiri.rs;Georgije Letić;1935;Ispravno;osm-overpass-exact;;ok
vlajkovac;Manastir Vlajkovac;Vojvodina;Vršac;Svetinja posvećena Svetoj Petki;45.0713;21.1997;aktivan;Eparhija banatska;Smešten kraj Vršca, manastir Vlajkovac je kroz istoriju bio važno utočište za vernike. Danas je to mesto tišine i molitve, prepoznatljivo po očuvanim starim freskama i mirnoj atmosferi koja privlači brojne hodočasnike.;;https://manastiri.rs/eparhije/banatska/manastir-vlajkovac/;manastiri.rs;Nepoznat;1500;Ispravno;osm-overpass-exact;;ok
vojlovica;Manastir Vojlovica;Vojvodina;Pančevo;Istorijska zadužbina despota Stefana Lazarevića;44.8280;20.6843;aktivan;Eparhija banatska;Manastir Vojlovicu su u 14. veku osnovali despot Stefan Lazarević i njegovi velikaši. Kroz vekove je manastir bio bedem pravoslavlja i centar pismenosti, a danas je zaštićen spomenik kulture od velikog značaja.;;https://manastiri.rs/eparhije/banatska/manastir-vojlovica/;manastiri.rs;Stefan Lazarević;1383;Ispravno;osm-overpass-exact;;ok
bodjani;Manastir Bođani;Vojvodina;Bač;Mesto rađanja novog srpskog slikarstva u Bačkoj;45.3961;19.1022;aktivan;Eparhija bačka;Manastir Bođani je osnovan 1478. godine. Svetsku slavu stekao je zahvaljujući izvanrednom freskopisu koji je naslikao čuveni Hristofor Žefarović. Predstavlja jedan od najlepših primera baroknog slikarstva u srpskoj umetnosti.;;https://manastiri.rs/eparhije/backa/manastir-bodjani/;manastiri.rs;Bogdan;1478;Ispravno;osm-overpass-exact;;ok
kac;Manastir Kać;Vojvodina;Kać;Savremena ženska svetinja nedaleko od Novog Sada;45.2941;19.9633;aktivan;Eparhija bačka;Manastir Vaskrsenja Hristova u Kaću predstavlja biser savremenog crkvenog graditeljstva u Vojvodini. Kompleks je poznat po izuzetno uređenoj porti i miru koji pruža monahinjama i vernicima.;;https://manastiri.rs/eparhije/backa/manastir-kac/;manastiri.rs;Verni narod;2007;Ispravno;osm-overpass-exact;;ok
kovilj;Manastir Kovilj;Vojvodina;Novi Sad;Srednjovekovna zadužbina Svetog Save u Bačkoj;45.2139;20.0355;aktivan;Eparhija bačka;Prema predanju, manastir Kovilj osnovao je Sveti Sava u 13. veku. Današnji izgled crkva je dobila u 18. veku, a manastir je poznat po izradi čuvenih manastirskih proizvoda i duhovnom životu.;;https://manastiri.rs/eparhije/backa/manastir-kovilj/;manastiri.rs;Sveti Sava;1220;Ispravno;osm-overpass-exact;;ok
sombor;Manastir Sombor;Vojvodina;Sombor;Svetinja posvećena Svetom arhiđakonu Stefanu;45.7781;19.1339;aktivan;Eparhija bačka;Manastir u Somboru je retka pojava gradskog manastira. Predstavlja duhovno središte za vernike severne Bačke i čuvar je pravoslavnih tradicija u višenacionalnom gradu.;;https://manastiri.rs/eparhije/backa/manastir-sombor/;manastiri.rs;Nepoznat;1990;Ispravno;osm-overpass-exact;;ok
vodica;Manastir Vodica;Vojvodina;Bač;Uspenjska svetinja poznata po saborima;45.0000;20.0000;aktivan;Eparhija bačka;Manastir Vodica je mesto gde se okupljaju vernici tokom velikih Bogorodičinih praznika. Čuva uspomenu na stare seoske sabore i duhovno nasleđe bačkog kraja.;;https://manastiri.rs/eparhije/backa/manastir-vodica/;manastiri.rs;Nepoznat;1900;Proveriti godinu;osm-overpass-exact;;ok
senjak;Manastir Senjak;Beograd;Beograd;Vavedenjska svetinja u srcu prestonice;44.7927;20.4389;aktivan;Eparhija beogradska;Manastir na Senjaku, zadužbina Perside Milenković, predstavlja pravu oazu mira u bučnom gradu. Arhitektonski je skladan i posvećen Vavedenju Presvete Bogorodice.;;https://manastiri.rs/eparhije/beogradska/manastir-senjak/;manastiri.rs;Persida Milenković;1935;Ispravno;osm-overpass-exact;;ok
rakovica;Manastir Rakovica;Beograd;Beograd;Svetinja sa grobom patrijarha Pavla;44.7306;20.4471;aktivan;Eparhija beogradska;Manastir Rakovica je jedan od najznačajnijih manastira u Beogradu. Čuva mošti patrijarha Pavla, čije grobno mesto svakodnevno posećuju hiljade vernika iz čitavog sveta.;;https://manastiri.rs/eparhije/beogradska/manastir-rakovica/;manastiri.rs;Radul iz Vlaške;1550;Ispravno;osm-overpass-exact;;ok
slanci;Manastir Slanci;Beograd;Beograd;Hilandarski metoh nadomak Beograda;44.7954;20.5842;aktivan;Eparhija beogradska;Manastir Slanci deluje kao duhovni produžetak Hilandara. Obnovljen je na drevnim temeljima i predstavlja mesto gde se susreću srpska i hilandarska duhovna tradicija.;;https://manastiri.rs/eparhije/beogradska/manastir-slanci/;manastiri.rs;Kralj Dragutin;1300;Ispravno;osm-overpass-exact;;ok
rajinovac;Manastir Rajinovac;Beograd;Grocka;Stara svetinja u Begaljici;44.6247;20.7128;aktivan;Eparhija beogradska;Manastir Rajinovac u Begaljici prvi put se pominje u 16. veku. Poznat je po mirnom ambijentu i legendama koje se vezuju za njegovo ime i obnovu kroz vekove.;;https://manastiri.rs/eparhije/beogradska/manastir-rajinovac/;manastiri.rs;Nepoznat;1528;Dopuniti ktitora;osm-overpass-exact;;ok
trojerucica;Manastir Trojeručica;Beograd;Avala;Novija svetinja posvećena ikoni Trojeručici;44.6164;20.5863;aktivan;Eparhija beogradska;Manastir na Avali posvećen čudotvornoj ikoni Bogorodice Trojeručice. Iako mlad manastir, brzo je postao omiljeno mesto molitve stanovnika Beograda.;;https://manastiri.rs/eparhije/beogradska/manastir-trojerucica/;manastiri.rs;Verni narod;1999;Dopuniti ktitora;osm-overpass-exact;;ok
zemun;Manastir Zemun;Beograd;Zemun;Barokna svetinja Svetog arhangela Gavrila;44.8413;20.4074;aktivan;Eparhija beogradska;Hram Svetog arhangela Gavrila u Zemunu odlikuje se baroknim stilom gradnje. Predstavlja značajan duhovni centar za stanovnike Zemuna i očuvar je tradicije iz 18. veka.;;https://manastiri.rs/eparhije/beogradska/manastir-zemun/;manastiri.rs;Teodor Apostolović;1786;Ispravno;osm-overpass-exact;;ok
bradaca;Manastir Bradača;Istočna Srbija;Požarevac;Drevna svetinja iz 14. veka;44.5005;21.4014;aktivan;Eparhija braničevska;Manastir Bradača pod planinom Bubanj čuva uspomene na srednjovekovnu vlastelu. Iako je često stradala, njena duhovna snaga je ostala neprekidna kroz vekove.;;https://manastiri.rs/eparhije/branicevska/manastir-bradaca/;manastiri.rs;Nepoznat;1400;Dopuniti ktitora;osm-overpass-exact;;ok
dobres;Manastir Dobreš;Istočna Srbija;Despotovac;Isposnica skrivena u Resavskoj dolini;44.1533;21.1586;aktivan;Eparhija braničevska;Smešten u dubokoj dolini reke Resave, Dobreš je manastir koji svojim položajem pruža savršen mir za molitveni život. Manastir je kroz istoriju bio utočište mnogih podvižnika.;;https://manastiri.rs/eparhije/branicevska/manastir-dobres/;manastiri.rs;Nepoznat;1410;Dopuniti ktitora;osm-overpass-exact;;ok
gornjak;Manastir Gornjak;Istočna Srbija;Petrovac;Zadužbina kneza Lazara u Gornjačkoj klisuri;44.2658;21.5438;aktivan;Eparhija braničevska;Zadužbina kneza Lazara, sagrađena u strmim stenama klisure. Manastir je bio centar duhovnosti i pismenosti, a danas ga krase freske visoke umetničke vrednosti.;;https://manastiri.rs/eparhije/branicevska/manastir-gornjak/;manastiri.rs;Knez Lazar;1378;Ispravno;osm-overpass-exact;;ok
izvor;Manastir Izvor;Istočna Srbija;Paraćin;Svetinja posvećena Svetoj Petki;43.8564;21.6000;aktivan;Eparhija braničevska;Manastir Izvor iz doba kralja Milutina je poznat po svojoj duhovnoj misiji i radu sa decom. Njegova arhitektura je svedočanstvo bogate srpske srednjovekovne baštine.;;https://manastiri.rs/eparhije/branicevska/manastir-izvor/;manastiri.rs;Kralj Milutin;1300;Ispravno;osm-overpass-exact;;ok
koporin;Manastir Koporin;Pomoravlje;Velika Plana;Grob despota Stefana Lazarevića;44.3156;21.0014;aktivan;Eparhija braničevska;Koporin je podignut u 15. veku i predstavlja jednu od najlepših zadužbina despota Stefana. U njemu se nalaze mošti despota, a crkva je ukrašena izuzetnim freskama.;;https://manastiri.rs/eparhije/branicevska/manastir-koporin/;manastiri.rs;Despot Stefan Lazarević;1402;Ispravno;osm-overpass-exact;;ok
manasija;Manastir Manasija;Pomoravlje;Despotovac;Utvrđeni manastir despota Stefana;44.1006;21.4689;aktivan;Eparhija braničevska;Manastir Manasija (Resava) je grandiozna utvrđena zadužbina. Bila je centar Resavske škole pismenosti i remek-delo srpske srednjovekovne kulture pod zaštitom UNESCO-a.;;https://manastiri.rs/eparhije/branicevska/manastir-manasija/;manastiri.rs;Despot Stefan Lazarević;1407;Ispravno;osm-overpass-exact;;ok
miljkovo;Manastir Miljkovo;Istočna Srbija;Svilajnac;Vavedenjska svetinja kraj Velike Morave;44.1635;21.1468;aktivan;Eparhija braničevska;Poznat kao Bukovica manastir, Miljkovo je kroz istoriju prolazio kroz brojna stradanja. Danas je obnovljen i predstavlja važan duhovni centar svilajnačkog kraja.;;https://manastiri.rs/eparhije/branicevska/manastir-miljkovo/;manastiri.rs;Nepoznat;1380;Proveriti ktitora;osm-overpass-exact;;ok
namasija;Manastir Namasija;Istočna Srbija;Petrovac;Svetinja u dolini Crnice;43.9389;21.5288;aktivan;Eparhija braničevska;Manastir se nalazi u netaknutoj prirodi doline reke Crnice. Predstavlja pravi biser za one koji traže duhovni mir u osami i kontaktu sa prirodom.;;https://manastiri.rs/eparhije/branicevska/manastir-namasija/;manastiri.rs;Nepoznat;1400;Proveriti ktitora;osm-overpass-exact;;ok
nimnik;Manastir Nimnik;Istočna Srbija;Požarevac;Svetinja sa moštima svete Nikoline;44.7269;21.3551;aktivan;Eparhija braničevska;Manastir Nimnik je mesto narodnog hodočašća, vezano za legende o stradanju devojčice Nikoline. Manastir odiše spokojem i dubokom verom naroda Braničeva.;;https://manastiri.rs/eparhije/branicevska/manastir-nimnik/;manastiri.rs;Knez Lazar;1389;Ispravno;osm-overpass-exact;;ok
pokajnica;Manastir Pokajnica;Pomoravlje;Velika Plana;Crkva brvnara podignuta kao čin okajanja;44.3103;21.0567;aktivan;Eparhija braničevska;Pokajnica je jedinstvena drvena crkva, podignuta u 19. veku. Smatra se simbolom pokajanja i istorijskog sećanja na događaje iz vremena Prvog srpskog ustanka.;;https://manastiri.rs/eparhije/branicevska/manastir-pokajnica/;manastiri.rs;Vujica Vulićević;1818;Ispravno;osm-overpass-exact;;ok
radosin;Manastir Radošin;Šumadija;Svilajnac;Srednjovekovni dragulj Resave;43.8517;20.9915;aktivan;Eparhija braničevska;Radošin je manastir iz 15. veka koji čuva duh stare srpske vlastele. Okružen šumom, nudi mirno utočište za svakog ko ga poseti.;;https://manastiri.rs/eparhije/branicevska/manastir-radosin/;manastiri.rs;Nepoznat;1415;Dopuniti ktitora;osm-overpass-exact;;ok
ravanica;Manastir Ravanica;Pomoravlje;Ćuprija;Zadužbina kneza Lazara i mesto njegovog počinka;43.9728;21.4965;aktivan;Eparhija braničevska;Ravanica je jedan od najznačajnijih manastira, mesto gde počivaju mošti kneza Lazara. Simbol je kosovskog zaveta i epicentar duhovnog života pomoravskog kraja.;;https://manastiri.rs/eparhije/branicevska/manastir-ravanica/;manastiri.rs;Knez Lazar;1375;Ispravno;osm-overpass-exact;;ok
reskovica;Manastir Reškovica;Istočna Srbija;Petrovac;Svetinja na vrelu svete vode;44.3150;21.5301;aktivan;Eparhija braničevska;Reškovica je poznata po izvorištu svete vode koje posećuju vernici radi isceljenja. Manastir je tih, okružen zelenilom, idealan za molitveno sabranje.;;https://manastiri.rs/eparhije/branicevska/manastir-reskovica/;manastiri.rs;Nepoznat;1380;Dopuniti ktitora;osm-overpass-exact;;ok
rukumija;Manastir Rukumija;Istočna Srbija;Požarevac;Svetinja vezana za legendu o Jelici;44.6971;21.2085;aktivan;Eparhija braničevska;Manastir Rukumija u Stigu čuva legende o knezu Lazaru i stradanju sestre Jelice. Poznat je po toplom gostoprimstvu i bogatoj duhovnoj istoriji.;;https://manastiri.rs/eparhije/branicevska/manastir-rukumija/;manastiri.rs;Knez Lazar;1380;Ispravno;osm-overpass-exact;;ok
sestroljin;Manastir Sestroljin;Istočna Srbija;Poljana;Svetinja posvećena Vaznesenju Gospodnjem;44.5457;21.1986;aktivan;Eparhija braničevska;Sestroljin je manastir koji čuva uspomene na stare slovenske običaje i hrišćanske praznike. Mesto je gde narod dolazi po utehu i blagoslov.;;https://manastiri.rs/eparhije/branicevska/manastir-sestroljin/;manastiri.rs;Knez Lazar;1380;Ispravno;osm-overpass-exact;;ok
sisojevac;Manastir Sisojevac;Pomoravlje;Paraćin;Zadužbina Sisoja Sinaita;43.9558;21.5814;aktivan;Eparhija braničevska;Manastir Sisojevac, posvećen Preobraženju, zadužbina je monaha Sisoja Sinaita. Smatra se jednim od najlepših hramova u blizini Paraćina, okružen prirodom.;;https://manastiri.rs/eparhije/branicevska/manastir-sisojevac/;manastiri.rs;Sveti Sisoje;1389;Ispravno;osm-overpass-exact;;ok
tomic;Manastir Tomić;Pomoravlje;Svilajnac;Mala moravska svetinja isposnica;44.0709;21.2253;aktivan;Eparhija braničevska;Manastir Tomić je skrovito mesto molitve. Njegova istorija je vezana za vlastelina Tomića i predstavlja primer skromnog ali značajnog duhovnog centra.;;https://manastiri.rs/eparhije/branicevska/manastir-tomic/;manastiri.rs;Vlastelin Tomić;1390;Ispravno;osm-overpass-exact;;ok
trska-crkva;Manastir Trška Crkva;Istočna Srbija;Žagubica;Najstariji sakralni objekat Braničeva;44.2271;21.7480;aktivan;Eparhija braničevska;Trška crkva je pravi spomenik iz 13. veka. Njena starost je čini jednom od najvrednijih istorijskih tačaka u istočnoj Srbiji.;;https://manastiri.rs/eparhije/branicevska/manastir-trska-crkva/;manastiri.rs;Nepoznat;1270;Ispravno;osm-overpass-exact;;ok
tumane;Manastir Tumane;Istočna Srbija;Golubac;Čudotvorni manastir Miloša Obilića;44.5915;21.6440;aktivan;Eparhija braničevska;Tumane je danas jedan od najposećenijih manastira u Srbiji. Poznat po moštima čudotvoraca, svake godine privlači stotine hiljada poklonika.;;https://manastiri.rs/eparhije/branicevska/manastir-tumane/;manastiri.rs;Miloš Obilić;1380;Ispravno;osm-overpass-exact;;ok
vitovnica;Manastir Vitovnica;Istočna Srbija;Petrovac;Manastir oca Tadeja;44.3785;21.5439;aktivan;Eparhija braničevska;Manastir Vitovnica je poznat kao dom oca Tadeja Vitovničkog, jednog od najvoljenijih duhovnika 20. veka. Mesto je duboke duhovnosti i mira.;;https://manastiri.rs/eparhije/branicevska/manastir-vitovnica/;manastiri.rs;Kralj Milutin;1291;Ispravno;osm-overpass-exact;;ok
zaova;Manastir Zaova;Istočna Srbija;Požarevac;Svetinja Jelice devojke;44.5030;21.2744;aktivan;Eparhija braničevska;Manastir Zaova je tesno povezan sa narodnom pesmom o stradanju sestre Jelice. Kroz istoriju je bio mesto okupljanja naroda Stiga, a danas je aktivno monaško središte koje čuva duh tradicije.;;https://manastiri.rs/eparhije/branicevska/manastir-zaova/;manastiri.rs;Knez Lazar;1380;Ispravno;osm-overpass-exact;;ok
zlatenac;Manastir Zlatenac;Pomoravlje;Svilajnac;Skriveni biser uz Veliku Moravu;44.1468;21.1672;aktivan;Eparhija braničevska;Zlatenac je zadužbina despota Stefana Lazarevića iz 15. veka. Iako je često bio meta razaranja, njegova lepota i mir kraj obala Morave i danas privlače hodočasnike.;;https://manastiri.rs/eparhije/branicevska/manastir-zlatenac/;manastiri.rs;Despot Stefan Lazarević;1410;Ispravno;osm-overpass-exact;;ok
djerinac;Manastir Đerinac;Istočna Srbija;Svilajnac;Srednjovekovna isposnica u prirodi;44.3306;21.5177;aktivan;Eparhija braničevska;Manastir se nalazi u netaknutoj prirodi Resavskog kraja. Smatra se mestom gde su se monasi povlačili radi duboke molitve i isposničkog podviga.;;https://manastiri.rs/eparhije/branicevska/manastir-djerinac/;manastiri.rs;Nepoznat;1415;Dopuniti ktitora;osm-overpass-exact;;ok
zdrelo;Manastir Ždrelo;Istočna Srbija;Petrovac;Crkva Svete Trojice u klisuri;44.2919;21.5077;aktivan;Eparhija braničevska;Ždrelo predstavlja modernu obnovu srednjovekovnog lokaliteta u Gornjačkoj klisuri. Hram je posvećen Svetoj Trojici i predstavlja važan duhovni spomenik ovog kraja.;;https://manastiri.rs/eparhije/branicevska/manastir-zdrelo/;manastiri.rs;Sveti Grigorije Sinait;1380;Ispravno;osm-overpass-exact;;ok
bosnjane;Manastir Bošnjane;Pomoravlje;Varvarin;Zadužbina na mestu rimskog letnjikovca;43.6564;21.3522;aktivan;Eparhija kruševačka;Manastir posvećen Svetom Luki iz 14. veka. Mesto na kome se nalazi bilo je naseljeno još u antičko doba, a danas manastir svedoči o kontinuiranom duhovnom životu.;;https://manastiri.rs/eparhije/krusevacka/manastir-bosnjane/;manastiri.rs;Knez Lazar;1385;Ispravno;osm-overpass-exact;;ok
braljina;Manastir Braljina;Rasina;Ražanj;Bogorodica na obali Južne Morave;43.6550;21.4640;aktivan;Eparhija kruševačka;Braljina je manastir koji se pominje u poveljama još u doba kneza Lazara. Danas je to mirno mesto u kojem vernici pronalaze utehu kraj reke.;;https://manastiri.rs/eparhije/krusevacka/manastir-braljina/;manastiri.rs;Nepoznat;1380;Proveriti ktitora;osm-overpass-exact;;ok
drenova;Manastir Drenova;Rasina;Trstenik;Duhovno utočište u šumama;43.6820;21.0500;aktivan;Eparhija kruševačka;Skrivena svetinja iz 15. veka. Njena izolovanost u šumama oko Trstenika čini je idealnom za monaški podvig i molitvu u tišini.;;https://manastiri.rs/eparhije/krusevacka/manastir-drenova/;manastiri.rs;Nepoznat;1450;Dopuniti ktitora;osm-overpass-exact;;ok
drenca;Manastir Drenča;Rasina;Aleksandrovac;Manastir u srcu Župe;43.4822;21.0423;aktivan;Eparhija kruševačka;Zadužbina monaha Doroteja iz 14. veka. Nalazi se u vinorodnoj Župi i poznat je po svojoj arhitektonskoj lepoti i istorijskom značaju za ovaj kraj.;;https://manastiri.rs/eparhije/krusevacka/manastir-drenca/;manastiri.rs;Monah Dorotej;1382;Ispravno;osm-overpass-exact;;ok
grabovo;Manastir Grabovo;Rasina;Kruševac;Molitveni oltar rasinskog okruga;43.7319;21.6222;aktivan;Eparhija kruševačka;Obnovljena svetinja podno planine Ozren. Grabovo je mesto okupljanja vernika tokom praznika i jedan od važnih duhovnih centara Kruševca.;;https://manastiri.rs/eparhije/krusevacka/manastir-grabovo/;manastiri.rs;Nepoznat;1500;Dopuniti ktitora;osm-overpass-exact;;ok
komorane;Manastir Komorane;Rasina;Kruševac;Noviji manastirski kompleks;43.5350;21.1510;aktivan;Eparhija kruševačka;Posvećen Rođenju Presvete Bogorodice. Iako je manastir nove gradnje, on brzo postaje važan centar duhovnog života za stanovnike okoline Kruševca.;;https://manastiri.rs/eparhije/krusevacka/manastir-komorane/;manastiri.rs;Verni narod;1990;Ispravno;osm-overpass-exact;;ok
lepenac;Manastir Lepenac;Rasina;Brus;Moravska arhitektura despota Stefana;43.3440;21.0420;aktivan;Eparhija kruševačka;Jedna od najvećih moravskih crkava. Lepenac je poznat po svojoj arhitektonskoj vrednosti i bogatoj istoriji vezanoj za despota Stefana Lazarevića.;;https://manastiri.rs/eparhije/krusevacka/manastir-lepenac/;manastiri.rs;Despot Stefan;1415;Ispravno;osm-overpass-exact;;ok
lesje;Manastir Lešje;Pomoravlje;Paraćin;Svetinja na obroncima planine Babe;43.8512;21.5347;aktivan;Eparhija kruševačka;Drevni manastir iz 14. veka, obnovljen u novije vreme. Poznat je po lepoti svog okruženja i intenzivnom monaškom životu koji ovde cveta.;;https://manastiri.rs/eparhije/krusevacka/manastir-lesje/;manastiri.rs;Vukosav;1360;Ispravno;osm-overpass-exact;;ok
ljubostinja;Manastir Ljubostinja;Rasina;Trstenik;Zadužbina kneginje Milice;43.6517;20.9979;aktivan;Eparhija kruševačka;Mesto gde je nastala 'Pohvala knezu Lazaru'. Jedan od najlepših manastira moravske škole, zadužbina kneginje Milice, koja se ovde zamonašila.;;https://manastiri.rs/eparhije/krusevacka/manastir-ljubostinja/;manastiri.rs;Kneginja Milica;1388;Ispravno;osm-overpass-exact;;ok
makresane;Manastir Makrešane;Rasina;Kruševac;Svetinja Svetog Jovana;43.6395;21.3876;aktivan;Eparhija kruševačka;Srednjovekovna crkva iz Lazarevog doba. Predstavlja važan istorijski spomenik kruševačkog kraja.;;https://manastiri.rs/eparhije/krusevacka/manastir-makresane/;manastiri.rs;Nepoznat;1380;Proveriti ktitora;osm-overpass-exact;;ok
manastirak-sumadijska;Manastir Manastirak;Šumadija;Rekovac;Pravoslavna svetinja šumadijskog kraja;43.8618;21.0595;aktivan;Eparhija kruševačka;Manastir sa dugom tradicijom i dubokim korenima u lokalnom stanovništvu. Mesto je mira i tišine.;;https://manastiri.rs/eparhije/sumadijska/manastir-manastirak/;manastiri.rs;Nepoznat;1500;Dopuniti ktitora;osm-overpass-exact;;ok
mrzenica;Manastir Mrzenica;Rasina;Ćićevac;Svetinja sa čudotvornim izvorom;43.6396;21.3877;aktivan;Eparhija kruševačka;Predanje ga vezuje za kneza Lazara. Poznat je po izvoru vode za koji narod veruje da je lekovit.;;https://manastiri.rs/eparhije/krusevacka/manastir-mrzenica/;manastiri.rs;Knez Lazar;1370;Proveriti godinu;osm-overpass-exact;;ok
naupare;Manastir Naupare;Rasina;Kruševac;Biser moravske plastike;43.4861;21.3111;aktivan;Eparhija kruševačka;Zadužbina despota Stefana Lazarevića. Crkva se ističe izuzetnim reljefima na fasadi koji predstavljaju vrhunac moravskog graditeljstva.;;https://manastiri.rs/eparhije/krusevacka/manastir-naupare/;manastiri.rs;Despot Stefan;1380;Ispravno;osm-overpass-exact;;ok
petina;Manastir Petina;Rasina;Kruševac;Svetogorska isposnica;43.5000;21.3000;aktivan;Eparhija kruševačka;Manastir posvećen isposničkom podvigu. Mirno mesto posvećeno molitvi i duhovnom uzrastanju.;;https://manastiri.rs/eparhije/krusevacka/manastir-petina/;manastiri.rs;Nepoznat;1990;Proveriti ktitora;osm-overpass-exact;;ok
ples;Manastir Pleš;Rasina;Aleksandrovac;Manastir Vaskrsenja u vinorodnoj Župi;43.4500;20.9500;aktivan;Eparhija kruševačka;Obnovljen na temeljima starohrišćanske crkve. Pleš je mesto koje spaja duh istorije i današnje vreme.;;https://manastiri.rs/eparhije/krusevacka/manastir-ples/;manastiri.rs;Nepoznat;1996;Dopuniti ktitora;osm-overpass-exact;;ok
rudenica;Manastir Rudenica;Rasina;Aleksandrovac;Sestrinjska crkva Kalenića;43.5058;21.0863;aktivan;Eparhija kruševačka;Zadužbina vlastelina Vukašina iz 14. veka. Iako manji manastir, Rudenica je poznata po svojoj eleganciji i umetničkoj vrednosti.;;https://manastiri.rs/eparhije/krusevacka/manastir-rudenica/;manastiri.rs;Vlastelin Vukašin;1390;Ispravno;osm-overpass-exact;;ok
stevanac;Manastir Stevanac;Rasina;Kruševac;Starina podno Jastrepca;43.6000;21.3000;aktivan;Eparhija kruševačka;Srednjovekovna crkva u šumadijskom kraju. Mesto koje čuva sećanje na slavna vremena.;;https://manastiri.rs/eparhije/krusevacka/manastir-stevanac/;manastiri.rs;Nepoznat;1400;Dopuniti ktitora;osm-overpass-exact;;ok
strmac;Manastir Strmac;Rasina;Brus;Planinska svetinja kod Brusa;43.4350;20.8920;aktivan;Eparhija kruševačka;Crkva posvećena Svetom Stefanu. Nalazi se u planinskom kraju, okružena tišinom i netaknutom prirodom.;;https://manastiri.rs/eparhije/krusevacka/manastir-strmac/;manastiri.rs;Nepoznat;1680;Proveriti ktitora;osm-overpass-exact;;ok
svojnovo;Manastir Svojnovo;Rasina;Paraćin;Manastir Svetog Pantelejmona;43.7893;21.2841;aktivan;Eparhija kruševačka;Svetinja koja čuva veru od davnina. Svojnovo je mesto hodočašća i duhovnog mira.;;https://manastiri.rs/eparhije/krusevacka/manastir-svojnovo/;manastiri.rs;Nepoznat;1385;Proveriti ktitora;osm-overpass-exact;;ok
veluce;Manastir Veluće;Rasina;Trstenik;Biser moravske škole u Župi;43.5362;21.0895;aktivan;Eparhija kruševačka;Zadužbina vlastelina iz 14. veka. Poznat je po freskama koje predstavljaju sam vrh srpske srednjovekovne umetnosti.;;https://manastiri.rs/eparhije/krusevacka/manastir-veluce/;manastiri.rs;Nepoznat vlastelin;1377;Ispravno;osm-overpass-exact;;ok
zilinci;Manastir Žilinci;Rasina;Brus;Mali molitveni hram;43.6000;21.2000;aktivan;Eparhija kruševačka;Obnovljen u 19. veku, ovaj manastir služi kao mesto okupljanja vernika iz okoline Brusa.;;https://manastiri.rs/eparhije/krusevacka/manastir-zilinci/;manastiri.rs;Nepoznat;1850;Dopuniti ktitora;osm-overpass-exact;;ok
bistrica;Manastir Bistrica;Zlatibor;Prijepolje;Svetinja u kanjonu reke;43.3150;19.5301;aktivan;Eparhija mileševska;Manastir nastao u dobu kasnih Nemanjića, predstavlja simbol duhovnog trajanja u kanjonu Lima.;;https://manastiri.rs/eparhije/milesevska/manastir-bistrica/;manastiri.rs;Nepoznat;1300;Proveriti ktitora;osm-overpass-exact;;ok
davidovica;Manastir Davidovica;Jugozapadna Srbija;Prijepolje;Zadužbina Dmitra Nemanjića;43.2401;19.7363;aktivan;Eparhija mileševska;Grobna crkva porodice Jugović. Davidovica je manastir koji čuva uspomene na srpsku srednjovekovnu vlastelu.;;https://manastiri.rs/eparhije/milesevska/manastir-davidovica/;manastiri.rs;Dmitar Nemanjić;1281;Ispravno;osm-overpass-exact;;ok
jabuka;Manastir Jabuka;Zlatibor;Prijepolje;Nova svetinja na planini Zlatar;43.3448;19.5197;aktivan;Eparhija mileševska;Posvećen Svetom proroku Iliji. Manastir je mesto okupljanja na planinskim visinama Zlatara.;;https://manastiri.rs/eparhije/milesevska/manastir-jabuka/;manastiri.rs;Verni narod;2006;Ispravno;osm-overpass-exact;;ok
janja;Manastir Janja;Jugozapadna Srbija;Prijepolje;Obnovljeni hram na Limu;43.6000;19.4000;aktivan;Eparhija mileševska;Manastir koji čuva tradiciju Prijepolja i pravoslavnog naroda uz reku Lim.;;https://manastiri.rs/eparhije/milesevska/manastir-janja/;manastiri.rs;Nepoznat;1450;Dopuniti ktitora;osm-overpass-exact;;ok
kumanica;Manastir Kumanica;Jugozapadna Srbija;Sjenica;Svetilište pored pruge;43.1539;19.7819;aktivan;Eparhija mileševska;Dom moštiju Svetog Grigorija Kumaničkog. Manastir je poznat po brojnim čudima i isceljenjima.;;https://manastiri.rs/eparhije/milesevska/manastir-kumanica/;manastiri.rs;Sveti Grigorije;1300;Ispravno;osm-overpass-exact;;ok
mazici;Manastir Mažići;Jugozapadna Srbija;Priboj;Hirurška bolnica srednjeg veka;43.5031;19.5919;aktivan;Eparhija mileševska;Manastir Mažići, poznat i kao Orahovica, bio je u srednjem veku čuven po bolnici u kojoj su se obavljale složene hirurške operacije. Zadužbina je Nemanjića i simbol visokog stepena zdravstvene kulture.;;https://manastiri.rs/eparhije/milesevska/manastir-mazici/;manastiri.rs;Stefan Nemanja;1190;Ispravno;osm-overpass-exact;;ok
mileseva;Manastir Mileševa;Jugozapadna Srbija;Prijepolje;Dom Belog Anđela i moštiju Svetog Save;43.3718;19.7095;aktivan;Eparhija mileševska;Zadužbina kralja Vladislava iz 13. veka. Mileševa je jedno od najsvetijih mesta srpskog naroda, poznato po fresci Beli Anđeo i činjenici da su ovde dugo počivale mošti Svetog Save.;;https://manastiri.rs/eparhije/milesevska/manastir-mileseva/;manastiri.rs;Kralj Vladislav;1234;Ispravno;osm-overpass-exact;;ok
pribojska-banja;Manastir Pribojska Banja;Jugozapadna Srbija;Priboj;Stara Dabarska episkopija;43.5477;19.5600;aktivan;Eparhija mileševska;Manastir Svetog Nikole u Pribojskoj Banji bio je sedište Dabarske episkopije. Poznat je po bogatoj riznici i manastirskoj bolnici koja je vekovima lečila narod toplim vodama.;;https://manastiri.rs/eparhije/milesevska/manastir-pribojska-banja/;manastiri.rs;Kralj Uroš I;1260;Ispravno;osm-overpass-exact;;ok
seljani;Manastir Seljani;Jugozapadna Srbija;Prijepolje;Svetinja koja se podiže iz pepela;43.3510;19.6520;aktivan;Eparhija mileševska;Manastir Seljani je crkva na zapadnim obroncima planina koja baštini dugu tradiciju iz doba Nemanjića. Danas je to mesto duhovnog preporoda za lokalno stanovništvo.;;https://manastiri.rs/eparhije/milesevska/manastir-seljani/;manastiri.rs;Nepoznat;1300;Ispravno;osm-overpass-exact;;ok
vodena-poljana;Manastir Vodena Poljana;Zlatibor;Nova Varoš;Crkva brvnara na planini Zlatar;43.4150;19.8210;aktivan;Eparhija mileševska;Svetinja posvećena Svetim Vračevima Kozmi i Damjanu. Manastir je poznat po miru koji pruža u planinskom ambijentu i posetiocima koji ovde dolaze po duhovnu utehu.;;https://manastiri.rs/eparhije/milesevska/manastir-vodena-poljana/;manastiri.rs;Verni narod;2007;Ispravno;osm-overpass-exact;;ok
sopotnica;Manastir Sopotnica;Jugozapadna Srbija;Prijepolje;Svetinja izvora u planinskom kraju;43.2500;19.7500;aktivan;Eparhija mileševska;Manastir Sopotnica je duhovno mesto koje svojom lepotom privlači vernike iz cele Srbije. Poznat je po očuvanju tradicije i povezanosti sa prirodom.;;https://manastiri.rs/eparhije/milesevska/manastir-sopotnica/;manastiri.rs;Nepoznat;1500;Ispravno;osm-overpass-exact;;ok
zlatari;Manastir Zlatari;Jugozapadna Srbija;Prijepolje;Svetinja na planini Zlatar;43.3800;19.6800;aktivan;Eparhija mileševska;Zadužbina Nemanjića na visoravni planine Zlatar. Manastir je mesto isceljenja i mira gde se priroda i duhovnost spajaju u jedno.;;https://manastiri.rs/eparhije/milesevska/manastir-zlatari/;manastiri.rs;Stefan Nemanja;1200;Ispravno;osm-overpass-exact;;ok
banjska;Manastir Banjska;Kosovo;Zvečan;Grobna crkva kralja Milutina;42.9719;20.7822;aktivan;Eparhija raško-prizrenska;Banjska je jedna od najmonumentalnijih zadužbina kralja Milutina. Prvobitno zamišljena kao grobna crkva, odiše carskim sjajem vizantijske arhitekture.;;https://manastiri.rs/eparhije/rasko-prizrenska/manastir-banjska/;manastiri.rs;Kralj Milutin;1312;Ispravno;osm-overpass-exact;;ok
budisavci;Manastir Budisavci;Kosovo;Klina;Zadužbina kralja Milutina;42.6667;20.5833;aktivan;Eparhija raško-prizrenska;Zadužbina kralja Milutina, koju je u 16. veku temeljno obnovio patrijarh Makarije Sokolović. Važan je duhovni oslonac za vernike u Metohiji.;;https://manastiri.rs/eparhije/rasko-prizrenska/manastir-budisavci/;manastiri.rs;Kralj Milutin;1300;Ispravno;osm-overpass-exact;;ok
ceranjska-reka;Manastir Ceranjska Reka;Kosovo;Leposavić;Svetinja severnog Kosova;43.0500;20.8000;aktivan;Eparhija raško-prizrenska;Novija svetinja iz 21. veka izgrađena verničkom ljubavlju na severu Kosova i Metohije. Predstavlja bastion pravoslavlja u ovom burnom kraju.;;https://manastiri.rs/eparhije/rasko-prizrenska/manastir-ceranjska-reka/;manastiri.rs;Verni narod;2001;Ispravno;osm-overpass-exact;;ok
devine-vode;Manastir Devine Vode;Kosovo;Zvečan;Lekovito svetilište posvećeno Bogorodici Trojeručici;42.9667;20.8000;aktivan;Eparhija raško-prizrenska;Poznat po čudotvornom izvoru vode i crkvi posvećenoj ikoni Bogorodice Trojeručice, manastir je mesto gde vernici dolaze tražeći isceljenje i duhovnu snagu.;;https://manastiri.rs/eparhije/rasko-prizrenska/manastir-devine-vode/;manastiri.rs;Verni narod;2009;Ispravno;osm-overpass-exact;;ok
draganac;Manastir Draganac;Kosovo;Gnjilane;Epicentar duhovnosti Kosovskog Pomoravlja;42.5000;21.4500;aktivan;Eparhija raško-prizrenska;Draganac je najvažniji manastir u Pomoravlju, posvećen Svetom Arhangelu Gavrilu. Služi kao duhovni epicentar za sve Srbe u okolini Gnjilana.;;https://manastiri.rs/eparhije/rasko-prizrenska/manastir-draganac/;manastiri.rs;Knez Lazar;1381;Ispravno;osm-overpass-exact;;ok
duboki-potok;Manastir Duboki Potok;Kosovo;Zubin Potok;Svetinja sa bogatom zbirkom knjiga;42.9167;20.6833;aktivan;Eparhija raško-prizrenska;Manastir Duboki Potok čuva zbirku starih štampanih knjiga i relikvijara. Od velikog je značaja za očuvanje identiteta i opstanka Srba na severu Kosova.;;https://manastiri.rs/eparhije/rasko-prizrenska/manastir-duboki-potok/;manastiri.rs;Nepoznat;1350;Ispravno;osm-overpass-exact;;ok
gorioc;Manastir Gorioč;Kosovo;Istok;Zadužbina Stefana Dečanskog;42.7833;20.4833;aktivan;Eparhija raško-prizrenska;Gorioč je metoh manastira Visoki Dečani, posvećen Svetom Nikoli. Smešten je na uzvišenju iznad Istoka i pruža predivan pogled na okolinu.;;https://manastiri.rs/eparhije/rasko-prizrenska/manastir-gorioc/;manastiri.rs;Stefan Dečanski;1330;Ispravno;osm-overpass-exact;;ok
koncul;Manastir Končul;Raška;Raška;Drevna Nikoljača kraj Ibra;43.2680;20.6414;aktivan;Eparhija raško-prizrenska;Končul je drevna svetinja poznata kao Nikoljača, važan centar na putu ka Kosovu. Kroz istoriju je bio mesto značajnih sabora.;;https://manastiri.rs/eparhije/rasko-prizrenska/manastir-koncul/;manastiri.rs;Stefan Nemanja;1180;Ispravno;osm-overpass-exact;;ok
prizren;Manastir Svetih Arhangela;Kosovo;Prizren;Najveća zadužbina cara Dušana;42.2000;20.7333;aktivan;Eparhija raško-prizrenska;Monumentalni kompleks cara Dušana. Iako razoren kroz istoriju, ostaci svedoče o neverovatnoj carskoj veličini i umetničkom dometu.;;https://manastiri.rs/eparhije/rasko-prizrenska/manastir-prizren/;manastiri.rs;Car Dušan;1343;Ispravno;osm-overpass-exact;;ok
socanica;Manastir Sočanica;Kosovo;Leposavić;Crkva Svetog Jovana Glavoseka;43.0500;20.8167;aktivan;Eparhija raško-prizrenska;Sagrađena 1862. godine na temeljima starog hrama, služi kao centar duhovnosti i vere za stanovnike Ibarskog Kolašina.;;https://manastiri.rs/eparhije/rasko-prizrenska/manastir-socanica/;manastiri.rs;Verni narod;1862;Ispravno;osm-overpass-exact;;ok
tamnica;Manastir Tamnica;Kosovo;Kosovska Kamenica;Svetinja stradanja i preobraženja;42.5833;21.5833;aktivan;Eparhija raško-prizrenska;Mali manastir koji baštini uspomenu na progonjene hrišćane ovog kraja. Mesto gde se kroz patnju rađa nada u vaskrsenje.;;https://manastiri.rs/eparhije/rasko-prizrenska/manastir-tamnica/;manastiri.rs;Nepoznat;1450;Ispravno;osm-overpass-exact;;ok
tusimlja;Manastir Tušimlja;Raška;Novi Pazar;Jedan od najstarijih hramova Golije;43.2342;20.5101;aktivan;Eparhija raško-prizrenska;Hram iz 11. veka, svedoči o ranom pravoslavlju na planini Goliji. Predstavlja važno istorijsko nasleđe ovog regiona.;;https://manastiri.rs/eparhije/rasko-prizrenska/manastir-tusimlja/;manastiri.rs;Nepoznat;1080;Ispravno;osm-overpass-exact;;ok
ulije;Manastir Ulije;Kosovo;Leposavić;Svetinja Vaskrsenja Hristovog;43.1000;20.8000;aktivan;Eparhija raško-prizrenska;Obnovljena svetinja na severu Kosova, posvećena Vaskrsenju. Zrači snagom i verom u opstanak na ovim prostorima.;;https://manastiri.rs/eparhije/rasko-prizrenska/manastir-ulije/;manastiri.rs;Verni narod;1996;Ispravno;osm-overpass-exact;;ok
velika-hoca;Manastir Velika Hoča;Kosovo;Orahovac;Metoh Visokih Dečana sa vinogradima;42.4167;20.6833;aktivan;Eparhija raško-prizrenska;Centar pravoslavne kulture u Metohiji, poznat po manastirskom vinu koje se proizvodi na istorijskim parcelama.;;https://manastiri.rs/eparhije/rasko-prizrenska/manastir-velika-hoca/;manastiri.rs;Car Dušan;1350;Ispravno;osm-overpass-exact;;ok
vracevo;Manastir Vračevo;Kosovo;Leposavić;Svetinja Svetih Besrebrenika Kozme i Damjana;43.1500;20.7333;aktivan;Eparhija raško-prizrenska;Manastir koji je vekovima lečio narod i čuvao veru na planini Rogozni. Mesto je gde se vernici mole za ozdravljenje.;;https://manastiri.rs/eparhije/rasko-prizrenska/manastir-vracevo/;manastiri.rs;Nepoznat;1380;Ispravno;osm-overpass-exact;;ok
zociste;Manastir Zočište;Kosovo;Orahovac;Manastir čudotvornih isceljenja;42.3800;20.7000;aktivan;Eparhija raško-prizrenska;Poznat po moštima Svetih Vrača i brojnim isceljenjima. Potpuno je obnovljen nakon 2004. godine i predstavlja svetionik vere.;;https://manastiri.rs/eparhije/rasko-prizrenska/manastir-zociste/;manastiri.rs;Nepoznat;1300;Ispravno;osm-overpass-exact;;ok
djakovica;Manastir Đakovica;Kosovo;Đakovica;Duhovni štit ženskog manastira u gradu;42.3833;20.4333;aktivan;Eparhija raško-prizrenska;Herojski obnovljen manastir koji prkosi svim izazovima vremena. Ženski manastir koji čuva veru u urbanom jezgru Đakovice.;;https://manastiri.rs/eparhije/rasko-prizrenska/manastir-djakovica/;manastiri.rs;Nepoznat;1550;Ispravno;osm-overpass-exact;;ok
djurdjevi-stupovi;Manastir Đurđevi Stupovi;Raška;Novi Pazar;Krunski manastir Nemanjića nad Rasom;43.1658;20.4976;aktivan;Eparhija raško-prizrenska;Zadužbina Stefana Nemanje, remek-delo raške škole i UNESCO baština. Simbol je stvaranja srpske države i kulture.;;https://manastiri.rs/eparhije/rasko-prizrenska/manastir-djurdjevi-stupovi/;manastiri.rs;Stefan Nemanja;1171;Ispravno;osm-overpass-exact;;ok
berkasovo;Manastir Berkasovo;Srem;Šid;Svetinja u tišini fruškogorskog oboda;45.1683;19.2644;aktivan;Eparhija sremska;Manastir posvećen Svetoj Petki. Mesto duboke molitve i tišine gde se priroda Fruške gore spaja sa manastirskim mirom.;;https://manastiri.rs/eparhije/sremska/manastir-berkasovo/;manastiri.rs;Vlastelini iz Srema;1420;Ispravno;osm-overpass-exact;;ok
besenovo;Manastir Bešenovo;Fruška gora;Sremska Mitrovica;Svetinja koja se podigla iz pepela;45.1171;19.7071;aktivan;Eparhija sremska;Jedan od najteže stradalih fruškogorskih manastira, danas ponovo sija punim sjajem, obnavljajući svoju slavnu prošlost.;;https://manastiri.rs/eparhije/sremska/manastir-besenovo/;manastiri.rs;Kralj Dragutin;1300;Ispravno;osm-overpass-exact;;ok
obed;Manastir Obed;Srem;Pećinci;Bajkovita svetinja u Obedskoj bari;44.7130;20.0402;aktivan;Eparhija sremska;Duhovni centar posvećen Bogorodici usred rezervata prirode. Mesto jedinstvene povezanosti duhovnog nasleđa i ekologije.;;https://manastiri.rs/eparhije/sremska/manastir-obed/;manastiri.rs;Majka Angelina Branković;1490;Ispravno;osm-overpass-exact;;ok
privina-glava;Manastir Privina Glava;Srem;Šid;Jedna od najstarijih tačaka monaštva Srema;45.1500;19.3000;aktivan;Eparhija sremska;Ovaj manastir čuva bogatu fresko-ikonografiju i dugu monašku tradiciju koja datira iz srednjeg veka.;;https://manastiri.rs/eparhije/sremska/manastir-privina-glava/;manastiri.rs;Vlastelin Priba;1190;Ispravno;osm-overpass-exact;;ok
vodice;Manastir Vodice;Srem;Beočin;Mesto isceliteljskog izvora i molitve;45.1700;19.7400;aktivan;Eparhija sremska;Bolnički metoh manastira Beočin, poznat po lekovitoj vodi koja donosi isceljenje i utehu vernicima.;;https://manastiri.rs/eparhije/sremska/manastir-vodice/;manastiri.rs;Milivoje Vitasović;1720;Ispravno;osm-overpass-exact;;ok
bukovo;Manastir Bukovo;Istočna Srbija;Negotin;Centar vina i monaštva kraj Timoka;44.2160;22.4929;aktivan;Eparhija timočka;Svetinja čuvena po uzgoju Crne Tamjanike i monaškoj gostoljubivosti. Manastir je kroz vekove bio duhovno i privredno žarište negotinskog kraja.;;https://manastiri.rs/eparhije/timocka/manastir-bukovo/;manastiri.rs;Kralj Milutin;1300;Ispravno;osm-overpass-exact;;ok
grliste;Manastir Grlište;Istočna Srbija;Zaječar;Svetinja na samoj obali jezera;43.7320;21.6221;aktivan;Eparhija timočka;Manastir posvećen Petru i Pavlu, simbol duhovnosti kraj Grliškog jezera. Nudi utočište u mirnom prirodnom ambijentu.;;https://manastiri.rs/eparhije/timocka/manastir-grliste/;manastiri.rs;Nepoznat;1390;Ispravno;osm-overpass-exact;;ok
jermencic;Manastir Jermenčić;Istočna Srbija;Sokobanja;Misteriozna svetinja planine Ozren;43.6191;21.8319;aktivan;Eparhija timočka;Manastir izgrađen prema legendi od strane jermenskih izbeglica. Skriven u šumama Ozrena, važi za jedan od najmisterioznijih manastira eparhije.;;https://manastiri.rs/eparhije/timocka/manastir-jermencic/;manastiri.rs;Jermenski vojnici;1392;Ispravno;osm-overpass-exact;;ok
koroglas;Manastir Koroglaš;Istočna Srbija;Negotin;Svetinja koja čuva priče o Marku Kraljeviću;44.2690;22.5210;aktivan;Eparhija timočka;Mesto sa grandioznim ostacima arhitekture iz 14. veka. Narodno predanje vezuje ovaj manastir za počivalište Marka Kraljevića.;;https://manastiri.rs/eparhije/timocka/manastir-koroglas/;manastiri.rs;Kralj Milutin;1300;Ispravno;osm-overpass-exact;;ok
krepicevac;Manastir Krepičevac;Istočna Srbija;Boljevac;Skriveni dragulj pod Rtnjem;43.8536;21.8506;aktivan;Eparhija timočka;Jedinstven manastir sa preživelim freskama moravske škole, smešten u podnožju planine Rtanj.;;https://manastiri.rs/eparhije/timocka/manastir-krepicevac/;manastiri.rs;Georgije, sin Radojev;1500;Ispravno;osm-overpass-exact;;ok
lapusnja;Manastir Lapušnja;Istočna Srbija;Boljevac;Arhitektonsko remek-delo istočne Srbije;43.7885;21.7866;aktivan;Eparhija timočka;Manastir Svetog Nikole prepoznatljiv po klesanoj rozeti na fasadi, predstavlja vrhunac moravskog graditeljstva u tom kraju.;;https://manastiri.rs/eparhije/timocka/manastir-lapusnja/;manastiri.rs;Vlastelin Bogoje;1501;Ispravno;osm-overpass-exact;;ok
lozica;Manastir Lozica;Istočna Srbija;Zaječar;Skrivena isposnica iz 15. veka;43.7953;21.7604;aktivan;Eparhija timočka;Svetinja u Krivom Viru koja je vekovima odolevala turskoj vlasti zahvaljujući svojoj izolovanosti.;;https://manastiri.rs/eparhije/timocka/manastir-lozica/;manastiri.rs;Nepoznat;1450;Ispravno;osm-overpass-exact;;ok
manastirica;Manastir Manastirica;Istočna Srbija;Kladovo;Hram Svete Trojice kraj Dunava;44.6246;22.4921;aktivan;Eparhija timočka;Manastir čije se poreklo vezuje za doba cara Dušana, čuvar duhovnosti u đerdapskoj klisuri.;;https://manastiri.rs/eparhije/timocka/manastir-manastirica/;manastiri.rs;Car Dušan;1350;Ispravno;osm-overpass-exact;;ok
suvodol;Manastir Suvodol;Istočna Srbija;Bor;Svetinja na temeljima bazilike iz 11. veka;43.7000;22.3527;aktivan;Eparhija timočka;Manastir posvećen Rođenju Bogorodice, poznat po lekovitim izvorima i asketskim isposnicama.;;https://manastiri.rs/eparhije/timocka/manastir-suvodol/;manastiri.rs;Vizantijski car;1050;Ispravno;osm-overpass-exact;;ok
vratna;Manastir Vratna;Istočna Srbija;Negotin;Svetinja u blizini prirodnih kamenih mostova;44.3824;22.3402;aktivan;Eparhija timočka;Smešten u klisuri reke Vratne, blizu njenih čuvenih prerasti. Mesto izuzetne prirodne i duhovne lepote.;;https://manastiri.rs/eparhije/timocka/manastir-vratna/;manastiri.rs;Arhiepiskop Nikodim;1315;Ispravno;osm-overpass-exact;;ok
bresnica;Manastir Bresnica;Južna Srbija;Bosilegrad;Svetinja zabačenih bosilegradskih šuma;42.5000;22.4500;aktivan;Eparhija vranjska;Mladi manastir koji čuva veru u zabačenim krajevima Pčinje, pružajući utočište i mir.;;https://manastiri.rs/eparhije/vranjska/manastir-bresnica/;manastiri.rs;Verni narod;1895;Ispravno;osm-overpass-exact;;ok
dubnica-milesevska;Manastir Dubnica;Jugozapadna Srbija;Sjenica;Zadužbina Dubnice iz 15. veka;43.3453;19.9709;aktivan;Eparhija vranjska;Smeštena blizu Sjenice, poznata po duhovnom značaju i očuvanju tradicije u teškim vremenima.;;https://manastiri.rs/eparhije/vranjska/manastir-dubnica-milesevska/;manastiri.rs;Nepoznat;1422;Ispravno;osm-overpass-exact;;ok
kacapun;Manastir Kacapun;Južna Srbija;Vladičin Han;Zadužbina Vukašina Mrnjavčevića u kanjonu;42.6871;21.9810;aktivan;Eparhija vranjska;Crkva Svetog proroka Ilije u Kacapunu izgrađena je početkom 14. veka. Zahvaljujući debljini zidova preživela je velika rušenja.;;https://manastiri.rs/eparhije/vranjska/manastir-kacapun/;manastiri.rs;Kralj Vukašin;1360;Ispravno;osm-overpass-exact;;ok
kozji-dol;Manastir Kozji Dol;Južna Srbija;Trgovište;Svetinja posvećena Preobraženju;42.3680;22.0520;aktivan;Eparhija vranjska;Na krajnjem jugu Srbije, ovaj manastir je skromna svetinja prepoznatljiva po divnom vizantijskom živopisu.;;https://manastiri.rs/eparhije/vranjska/manastir-kozji-dol/;manastiri.rs;Pčinjski Srbi;1550;Ispravno;osm-overpass-exact;;ok
lepcince;Manastir Lepčince;Južna Srbija;Vranje;Sveti Pantelejmon u brdima iznad Vranja;42.4277;21.9766;aktivan;Eparhija vranjska;Manastir Lepčince posvećen je Svetom Velikomučeniku Pantelejmonu. Istorijski dokumenti ukazuju da je izgrađen u 14. veku.;;https://manastiri.rs/eparhije/vranjska/manastir-lepcince/;manastiri.rs;Nepoznat;1350;Ispravno;osm-overpass-exact;;ok
lopardince;Manastir Lopardince;Južna Srbija;Bujanovac;Hram Svetog velikomučenika Georgija;42.4500;21.7500;aktivan;Eparhija vranjska;Obnovljen u novije doba, ovaj hram vekovima čuva pravoslavlje u burnom multinacionalnom okruženju juga Srbije.;;https://manastiri.rs/eparhije/vranjska/manastir-lopardince/;manastiri.rs;Nepoznat;1380;Ispravno;osm-overpass-exact;;ok
mrtvica;Manastir Mrtvica;Južna Srbija;Vladičin Han;Manastir Uspenja Bogorodice u steni;42.7560;22.0830;aktivan;Eparhija vranjska;Crkva uklesana gotovo u potpunosti u stenskom masivu. Jedan od najranijih hrišćanskih hramova Balkana.;;https://manastiri.rs/eparhije/vranjska/manastir-mrtvica/;manastiri.rs;Nepoznat;550;Ispravno;osm-overpass-exact;;ok
palja;Manastir Palja;Južna Srbija;Surdulica;Starohrišćanski hram na Vlasini;42.6680;22.4410;aktivan;Eparhija vranjska;Manastir Vavedenja Presvete Bogorodice predstavlja jedno od najstarijih sakralnih mesta u Vlasinskom kraju.;;https://manastiri.rs/eparhije/vranjska/manastir-palja/;manastiri.rs;Vizantijski car;850;Ispravno;osm-overpass-exact;;ok
prohor-pcinjski;Manastir Prohor Pčinjski;Južna Srbija;Bujanovac;Jedan od najstarijih manastira Balkana;42.3295;21.8957;aktivan;Eparhija vranjska;Osnovan u 11. veku, posvećen je Svetom Prohoru Pčinjskom čije se mirotočive mošti tu i danas nalaze.;;https://manastiri.rs/eparhije/vranjska/manastir-prohor-pcinjski/;manastiri.rs;Roman Diogen;1070;Ispravno;osm-overpass-exact;;ok
simeon-stolpnik;Manastir Simeon Stolpnik;Južna Srbija;Vranje;Svetinja neobične posvete u selu Soderce;42.6000;21.8500;aktivan;Eparhija vranjska;Jedini hram u južnoj Srbiji posvećen Svetom Simeonu Stolpniku. Čuva tradiciju vizantijskog napeva.;;https://manastiri.rs/eparhije/vranjska/manastir-simeon-stolpnik/;manastiri.rs;Nepoznat;1350;Ispravno;osm-overpass-exact;;ok
zapsko;Manastir Žapsko;Južna Srbija;Vranje;Duhovna luča Svetog arhiđakona Stefana;42.4471;21.9280;aktivan;Eparhija vranjska;Hram Nemanjićkog porekla, nedavno obnovljen, čija porta predstavlja predivan park.;;https://manastiri.rs/eparhije/vranjska/manastir-zapsko/;manastiri.rs;Nepoznat;1410;Ispravno;osm-overpass-exact;;ok
bogostica;Manastir Bogoštica;Zapadna Srbija;Krupanj;Mesto pročišćenja iz doba kralja Milutina;44.3500;19.3500;aktivan;Eparhija šabačka;Svetinja koja čuva sećanje na slavnu istoriju Podrinja, sagrađena uz stari rudarski put.;;https://manastiri.rs/eparhije/sabacka/manastir-bogostica/;manastiri.rs;Kralj Milutin;1300;Ispravno;osm-overpass-exact;;ok
dobric;Manastir Dobrić;Mačva;Šabac;Svetionik duhovnosti u mačvanskoj ravnici;44.7500;19.6500;aktivan;Eparhija šabačka;Manastir posvećen Svetom Jovanu Krstitelju. Zidao ga je jedan od Mačvanskih knezova krajem 15. veka.;;https://manastiri.rs/eparhije/sabacka/manastir-dobric/;manastiri.rs;Mačvanski knez;1480;Ispravno;osm-overpass-exact;;ok
dragojevac;Manastir Dragojevac;Zapadna Srbija;Vladimirci;Mali, a znamenit hram posvećen Bogorodici;44.6000;19.8000;aktivan;Eparhija šabačka;Crkva u Dragojevcu služi kao molitveno središte sela Pocerine sa freskama s početka dvadesetog veka.;;https://manastiri.rs/eparhije/sabacka/manastir-dragojevac/;manastiri.rs;Nepoznat;1900;Ispravno;osm-overpass-exact;;ok
krivaja;Manastir Krivaja;Zapadna Srbija;Šabac;Svetinja Preobraženja u hrastovoj šumi;44.6500;19.5000;aktivan;Eparhija šabačka;Manastir izrasta iz guste pocerske šume i predstavlja predivno zdanje iz 15. veka.;;https://manastiri.rs/eparhije/sabacka/manastir-krivaja/;manastiri.rs;Nepoznat;1450;Ispravno;osm-overpass-exact;;ok
ljubovija;Manastir Bjele Vode;Zapadna Srbija;Ljubovija;Zadužbina smeštena tik uz plahovitu Drinu;44.2673;19.4260;aktivan;Eparhija šabačka;Svetinja podignuta ogromnim zalaganjem meštana Azbukovice radi sabornog okupljanja naroda.;;https://manastiri.rs/eparhije/sabacka/manastir-ljubovija/;manastiri.rs;Verni narod;2001;Ispravno;osm-overpass-exact;;ok
rozanj;Manastir Rožanj;Zapadna Srbija;Krupanj;Hram Uspenja Presvete Bogorodice visoko u gorama;44.3000;19.4500;aktivan;Eparhija šabačka;Manastir Rožanj leži u zabačenom, šumovitom predelu oko Krupnja, služeći kao isposnica za strogi monaški tipik.;;https://manastiri.rs/eparhije/sabacka/manastir-rozanj/;manastiri.rs;Nepoznat;1550;Ispravno;osm-overpass-exact;;ok
rujevac;Manastir Rujevac;Zapadna Srbija;Ljubovija;Svetinja Svetog Vasilija Ostroškog;44.3000;19.3000;aktivan;Eparhija šabačka;Manastir izgrađen na prelepom uzvišenju sa kog puca pogled na reku Drinu. Zrači mirom i duhovnošću.;;https://manastiri.rs/eparhije/sabacka/manastir-rujevac/;manastiri.rs;Verni narod;2010;Ispravno;osm-overpass-exact;;ok
soko-grad;Manastir Soko Grad;Zapadna Srbija;Ljubovija;Svetinja pod legendarnim turskim utvrđenjem;44.3500;19.4500;aktivan;Eparhija šabačka;Manastir Svetog Nikolaja episkopa vladimirovačkog dominira krajolikom svojim zlatnim krstom.;;https://manastiri.rs/eparhije/sabacka/manastir-soko-grad/;manastiri.rs;Vladika Lavrentije;1989;Ispravno;osm-overpass-exact;;ok
strmovo;Manastir Strmovo;Zapadna Srbija;Lajkovac;Tiho monaško prebivalište Svetog Ilije;44.4000;20.1500;aktivan;Eparhija šabačka;Manastir Strmovo čuva fragmente kasne srednjovekovne umetnosti u svojoj drvenoj i kamenoj arhitekturi.;;https://manastiri.rs/eparhije/sabacka/manastir-strmovo/;manastiri.rs;Nepoznat;1450;Ispravno;osm-overpass-exact;;ok
citluk;Manastir Čitluk;Zapadna Srbija;Ljubovija;Manastir Svete Trojice u netaknutoj okolini Drine;44.2000;19.3500;aktivan;Eparhija šabačka;Smešten blizu reke, ovaj aktivni ženski manastir predstavlja duhovno utočište. Osnovan je blagoslovom Eparhije šabačke, a verni narod je svojim trudom podigao hram.;;https://manastiri.rs/eparhije/sabacka/manastir-citluk/;manastiri.rs;Verni narod;1999;Ispravno;osm-overpass-exact;;ok
cokesina;Manastir Čokešina;Mačva;Loznica;Istorijsko mesto legendarne bitke Srpskih Termopila;44.6400;19.4200;aktivan;Eparhija šabačka;Manastir Čokešina je poznat po Boju na Čokešini 1804. godine, gde su srpski ustanici junački poginuli. Zadužbina je Miloša Obilića iz 14. veka.;;https://manastiri.rs/eparhije/sabacka/manastir-cokesina/;manastiri.rs;Miloš Obilić;1390;Ispravno;osm-overpass-exact;;ok
lelic;Manastir Lelić;Valjevo;Valjevo;Zadužbina Svetog vladike Nikolaja Velimirovića;44.2278;19.8335;aktivan;Eparhija valjevska;Jedan od najznačajnijih duhovnih centara, zadužbina vladike Nikolaja. U njemu se nalaze njegove mošti, a kompleks je poznat po moravskom stilu.;;https://manastiri.rs/eparhije/valjevska/manastir-lelic/;manastiri.rs;Vladika Nikolaj;1996;Ispravno;osm-overpass-exact;;ok
celije-valjevska;Manastir Ćelije;Valjevo;Valjevo;Skrivena svetinja u klisuri reke Gradac;44.2351;19.8677;aktivan;Eparhija valjevska;Manastir Ćelije je čuven po službi oca Justina Popovića. Smešten u klisuri reke Gradac, predstavlja mesto hodočašća i duhovnog prosvetljenja.;;https://manastiri.rs/eparhije/valjevska/manastir-celije/;manastiri.rs;Kralj Dragutin;1300;Ispravno;osm-overpass-exact;;ok
pustinja-valjevska;Manastir Pustinja;Valjevo;Valjevo;Crkva sa očuvanim freskama u izolaciji;44.2029;19.7035;aktivan;Eparhija valjevska;Manastir iz 1622. godine, poznat po neverovatno očuvanom živopisu iz 17. veka, posebno fresci Svetog Jovana Krstitelja sa krilima.;;https://manastiri.rs/eparhije/valjevska/manastir-pustinja/;manastiri.rs;Jeromonah Joakim;1622;Ispravno;osm-overpass-exact;;ok
bogovadja;Manastir Bogovađa;Kolubara;Lajkovac;Mesto zasedanja Praviteljstvujuščeg sovjeta;44.3229;20.1810;aktivan;Eparhija valjevska;Osnovan u 15. veku, manastir Bogovađa je bio centar prve srpske vlade u ustaničkoj Srbiji. Značajan istorijski spomenik.;;https://manastiri.rs/eparhije/valjevska/manastir-bogovadja/;manastiri.rs;Grgur Branković;1500;Ispravno;osm-overpass-exact;;ok
dokmir;Manastir Dokmir;Zapadna Srbija;Ub;Stara crkva poznata po ženskoj školi;44.4005;19.9477;aktivan;Eparhija valjevska;Manastir iz 14. veka, poznat po ženskoj igumanijskoj školi iz 19. veka. Odiše tradicijom i duhovnošću Kolubarskog basena.;;https://manastiri.rs/eparhije/valjevska/manastir-dokmir/;manastiri.rs;Nepoznat vlastelin;1390;Ispravno;osm-overpass-exact;;ok
grabovac;Manastir Grabovac;Zapadna Srbija;Obrenovac;Crkva posvećena Svetom ocu Nikolaju;44.6017;20.1059;aktivan;Eparhija valjevska;Jedan od najvećih duhovnih centara Posavine. U porti se nalaze lekoviti izvori koji privlače brojne vernike.;;https://manastiri.rs/eparhije/valjevska/manastir-grabovac/;manastiri.rs;Kralj Dragutin;1280;Ispravno;osm-overpass-exact;;ok
jovanja;Manastir Jovanja;Zapadna Srbija;Valjevo;Svetinja u valjevskim brdima;44.2565;19.8289;aktivan;Eparhija valjevska;Pominje se od 15. veka, bio je ključno žarište pismenosti gde su se tajno prepisivale knjige tokom turske okupacije.;;https://manastiri.rs/eparhije/valjevska/manastir-jovanja/;manastiri.rs;Nepoznat;1410;Ispravno;osm-overpass-exact;;ok
krcmar;Manastir Krčmar;Zapadna Srbija;Mionica;Svetinja vezana za Marka Kraljevića;44.1595;19.9933;aktivan;Eparhija valjevska;Manastir iz 1793. godine, poznat po prelepoj beloj arhitekturi i predanju koje ga vezuje za srpskog junaka Marka Kraljevića.;;https://manastiri.rs/eparhije/valjevska/manastir-krcmar/;manastiri.rs;Marko Kraljević;1793;Ispravno;osm-overpass-exact;;ok
pluzac;Manastir Plužac;Zapadna Srbija;Osečina;Planinski hram iz doba Stefana Lazarevića;44.4008;19.5862;aktivan;Eparhija valjevska;Manastir posvećen Svetom Jovanu Krstitelju, sačuvan trudom meštana koji su ga kroz burnu istoriju više puta obnavljali.;;https://manastiri.rs/eparhije/valjevska/manastir-pluzac/;manastiri.rs;Stefan Lazarević;1410;Ispravno;osm-overpass-exact;;ok
ribnica;Manastir Ribnica;Zapadna Srbija;Mionica;Znamenito utočište i mesto boravka Karađorđa;44.2061;20.0927;aktivan;Eparhija valjevska;Manastir iz 17. veka, smešten kraj pećine. Bio je sigurno sklonište za vožda Karađorđa tokom priprema za ustanke.;;https://manastiri.rs/eparhije/valjevska/manastir-ribnica/;manastiri.rs;Knez Radoja;1650;Ispravno;osm-overpass-exact;;ok
blagovestenje-sumadijska;Manastir Blagoveštenje;Zapadna Srbija;Čačak;Svetinja Ovčarsko-kablarske klisure;43.9061;20.1983;aktivan;Eparhija žička;Manastir iz 1602. godine, poznat po ikonostasu iz 1632. godine koji je remek-delo duboreza u orahovini.;;https://manastiri.rs/eparhije/zicka/manastir-blagovestenje-sumadijska/;manastiri.rs;Nepoznat;1602;Ispravno;osm-overpass-exact;;ok
nikolje-sumadijska;Manastir Nikolje;Zapadna Srbija;Čačak;Svetinja gde se krio knez Miloš Obrenović;43.9098;20.2061;aktivan;Eparhija žička;Jedan od najstarijih manastira u klisuri. Čuva Nikoljsko jevanđelje iz 14. veka i uspomene na kneza Miloša.;;https://manastiri.rs/eparhije/zicka/manastir-nikolje-sumadijska/;manastiri.rs;Nepoznat;1400;Ispravno;osm-overpass-exact;;ok
jovanje-ovcar-kablar;Manastir Jovanje;Zapadna Srbija;Čačak;Premeštena svetinja na rečnom poluostrvu;43.9100;20.2000;aktivan;Eparhija žička;Manastir koji je premešten nakon potapanja 1954. godine. Poznat po čudotvornoj ikoni Bogorodice Brzopomoćnice.;;https://manastiri.rs/eparhije/zicka/manastir-jovanje-ovcar-kablar/;manastiri.rs;Monaško bratstvo;1500;Ispravno;osm-overpass-exact;;ok
uspenje-ovcar-kablar;Manastir Uspenje;Zapadna Srbija;Čačak;Replika ohridskih hramova na Kablaru;43.9100;20.2050;aktivan;Eparhija žička;Sagrađen 1939. godine po želji vladike Nikolaja kao kopija ohridske crkve Svetog Konstantina i Jelene.;;https://manastiri.rs/eparhije/zicka/manastir-uspenje-ovcar-kablar/;manastiri.rs;Vladika Nikolaj;1939;Ispravno;osm-overpass-exact;;ok
preobrazenje-ovcar-kablar;Manastir Preobraženje;Zapadna Srbija;Čačak;Pustinjski manastir bez imovine;43.9050;20.2050;aktivan;Eparhija žička;Manastir sa najstrožim svetogorskim tipikom, monasi ne poseduju zemlju već se izdržavaju radom i molitvom.;;https://manastiri.rs/eparhije/zicka/manastir-preobrazenje-ovcar-kablar/;manastiri.rs;Vladika Nikolaj;1938;Ispravno;osm-overpass-exact;;ok
sretenje-ovcar-kablar;Manastir Sretenje;Zapadna Srbija;Čačak;Svetinja pod samim vrhom Ovčara;43.9000;20.2100;aktivan;Eparhija žička;Roze fasada i zupčasti zidovi čine ovaj manastir jednim od najprepoznatljivijih u klisuri.;;https://manastiri.rs/eparhije/zicka/manastir-sretenje-ovcar-kablar/;manastiri.rs;Nepoznat;1500;Ispravno;osm-overpass-exact;;ok
sveta-trojica-ducalovici;Manastir Sveta Trojica;Zapadna Srbija;Lučani;Arhitektonski najlepši hram klisure;43.9020;20.2200;aktivan;Eparhija žička;Zadužbina sa dve velike kupole, građena krajem 16. veka, predstavlja biser raške arhitekture.;;https://manastiri.rs/eparhije/zicka/manastir-sveta-trojica-ducalovici/;manastiri.rs;Monasi sa Atosa;1590;Ispravno;osm-overpass-exact;;ok
vavedenje;Manastir Vavedenje;Zapadna Srbija;Čačak;Svetinja na ulazu u klisuru;43.8800;20.3100;aktivan;Eparhija žička;Manastir čije poreklo predanje vezuje za Stefana Nemanju. Riznica čuva stare ruske štampane knjige.;;https://manastiri.rs/eparhije/zicka/manastir-vavedenje/;manastiri.rs;Stefan Nemanja;1190;Ispravno;osm-overpass-exact;;ok
vaznesenje-ovcar-kablar;Manastir Vaznesenje;Zapadna Srbija;Čačak;Aktivno žarište na obali Morave;43.9000;20.2500;aktivan;Eparhija žička;Moderno obnovljen manastir koji nastavlja tradiciju starih isposnika iz ove bogate klisure.;;https://manastiri.rs/eparhije/zicka/manastir-vaznesenje-ovcar-kablar/;manastiri.rs;Sveti Isihasti;1600;Ispravno;osm-overpass-exact;;ok
vujan;Manastir Vujan;Šumadija;Gornji Milanovac;Mesto isceljenja patrijarha Pavla;43.9773;20.4538;aktivan;Eparhija žička;Mesto gde se bolesni Gojko Stojčević, budući patrijarh Pavle, izlečio pred ikonom Bogorodice.;;https://manastiri.rs/eparhije/zicka/manastir-vujan/;manastiri.rs;Nikola Milićević;1805;Ispravno;osm-overpass-exact;;ok
vracevsnica;Manastir Vraćevšnica;Šumadija;Gornji Milanovac;Mesto proglašenja kraljevine Srbije;44.0679;20.6005;aktivan;Eparhija žička;Zadužbina Radiča Postupovića. Istorijski značajna za srpske ustanke i dinastiju Obrenović.;;https://manastiri.rs/eparhije/zicka/manastir-vracevsnica/;manastiri.rs;Radič Postupović;1428;Ispravno;osm-overpass-exact;;ok
gradac;Manastir Gradac;Raška;Raška;Jelenina zadužbina sa gotičkim uticajem;43.3665;20.5392;aktivan;Eparhija žička;Zadužbina kraljice Jelene Anžujske, jedinstven spoj srpskog graditeljstva i gotike.;;https://manastiri.rs/eparhije/zicka/manastir-gradac/;manastiri.rs;Jelena Anžujska;1270;Ispravno;osm-overpass-exact;;ok
stara-pavlica;Manastir Stara Pavlica;Raška;Raška;Hram pre-nemanjićkog perioda;43.3424;20.6470;aktivan;Eparhija žička;Manastir iz 11. veka postavljen na steni, jedan od najstarijih svedoka hrišćanstva u ovom kraju.;;https://manastiri.rs/eparhije/zicka/manastir-stara-pavlica/;manastiri.rs;Nepoznat;1050;Ispravno;osm-overpass-exact;;ok
nova-pavlica;Manastir Nova Pavlica;Raška;Raška;Grobna crkva braće Musića;43.3449;20.6499;aktivan;Eparhija žička;Zadužbina kosovskih junaka Musića, podignuta u 14. veku kao porodična grobnica.;;https://manastiri.rs/eparhije/zicka/manastir-nova-pavlica/;manastiri.rs;Braća Musić;1381;Ispravno;osm-overpass-exact;;ok
uvac;Manastir Uvac;Jugozapadna Srbija;Nova Varoš;Crkva otrgnuta iz zaborava;43.6122;19.5882;aktivan;Eparhija žička;Obnovljena svetinja u dubokom kanjonu reke Uvac, nekada centar Rujanske eparhije.;;https://manastiri.rs/eparhije/zicka/manastir-uvac/;manastiri.rs;Nepoznat;1190;Ispravno;osm-overpass-exact;;ok
raca;Manastir Rača;Zapadna Srbija;Bajina Bašta;Čuvar pismenosti;43.9312;19.5414;aktivan;Eparhija žička;Manastir sa čuvenom prepisivačkom školom, najvažnija duhovna tačka Bajine Bašte.;;https://manastiri.rs/eparhije/zicka/manastir-raca/;manastiri.rs;Kralj Dragutin;1280;Ispravno;osm-overpass-exact;;ok
rujan;Manastir Rujan;Zapadna Srbija;Užice;Osnivač prve štamparije;43.8517;19.7012;aktivan;Eparhija žička;Ovde je 1537. godine štampano Rujansko četvorojevanđelje, prva srpska štampana knjiga.;;https://manastiri.rs/eparhije/zicka/manastir-rujan/;manastiri.rs;Monah Teodosije;1530;Ispravno;osm-overpass-exact;;ok
dubrava;Manastir Dubrava;Zlatibor;Čajetina;Iskopana svetinja Svetog Pantelejmona;43.5753;19.6585;aktivan;Eparhija žička;Manastir otkriven iz temelja i predivno obnovljen početkom 21. veka na Zlatiboru.;;https://manastiri.rs/eparhije/zicka/manastir-dubrava/;manastiri.rs;Sveti Sava;1250;Ispravno;osm-overpass-exact;;ok
godovik;Manastir Godovik;Zlatibor;Požega;Mala raška svetinja prepuna rozeta;43.7813;20.0540;aktivan;Eparhija žička;Manastir Godovik, posvećen Svetom Đorđu, podignut je u 14. veku. Crkva se ističe specifičnim načinom obrade kamena i lepim rozetama koje podsećaju na primorsku arhitekturu.;;https://manastiri.rs/eparhije/zicka/manastir-godovik/;manastiri.rs;Knez Vukašin;1350;Ispravno;osm-overpass-exact;;ok
isposnica-svetog-save;Manastir Isposnica Svetog Save;Raška;Kraljevo;Mesto pisanja Studeničkog tipika;43.5132;20.5123;aktivan;Eparhija žička;Isposnica uklesana u strme litice planine Radočelo. Mesto gde se Sveti Sava povlačio u samoću i gde je sastavio čuveni Studenički tipik.;;https://manastiri.rs/eparhije/zicka/manastir-isposnica-svetog-save/;manastiri.rs;Sveti Sava;1200;Ispravno;osm-overpass-exact;;ok
ilinje;Manastir Ilinje;Zapadna Srbija;Čačak;Mesto strogog isihazma na Kablaru;43.8988;20.1827;aktivan;Eparhija žička;Manastir Ilinje je duhovna oaza iznad Zapadne Morave. Poznat je po strogom monaškom životu i miru koji okružuje hram.;;https://manastiri.rs/eparhije/zicka/manastir-ilinje/;manastiri.rs;Nepoznat;1939;Ispravno;osm-overpass-exact;;ok
kamenac;Manastir Kamenac;Šumadija;Knić;Bogomolja na brdu iz doba despota Stefana;43.8791;20.8137;aktivan;Eparhija žička;Manastir je sazidan od masivnog klesanog kamena. Legenda kaže da je kamen donet iz daleka po nalogu despota Stefana Lazarevića.;;https://manastiri.rs/eparhije/zicka/manastir-kamenac/;manastiri.rs;Despot Stefan;1416;Ispravno;osm-overpass-exact;;ok
kovilje;Manastir Kovilje;Zapadna Srbija;Ivanjica;Dve crkve pod okriljem stene;43.4148;20.1507;aktivan;Eparhija žička;Manastir je poznat po dve crkve, Staroj i Novoj, koje su uklesane u stenu. Arhaična arhitektura svedoči o dubokoj prošlosti ovog kraja.;;https://manastiri.rs/eparhije/zicka/manastir-kovilje/;manastiri.rs;Nepoznat;1190;Ispravno;osm-overpass-exact;;ok
moravci;Manastir Moravci;Zapadna Srbija;Ljig;Sveti Gavrilo u srcu Kolubare;44.2500;20.2500;aktivan;Eparhija žička;Manastir Moravci krije bogato nasleđe i ikonostas Dimitrija Avramovića. Bio je važno mesto okupljanja tokom ustaničkih godina.;;https://manastiri.rs/eparhije/zicka/manastir-moravci/;manastiri.rs;Nepoznat;1320;Ispravno;osm-overpass-exact;;ok
raca-bajina-basta;Manastir Rača;Zapadna Srbija;Bajina Bašta;Čuvar knjiga pod liticama Tare;43.9312;19.5414;aktivan;Eparhija žička;Rača je slavna po prepisivačkoj školi koja je sačuvala srpsku pismenost u doba ropstva. Danas je to duhovno žarište Zapadne Srbije.;;https://manastiri.rs/eparhije/zicka/manastir-raca-bajina-basta/;manastiri.rs;Kralj Dragutin;1280;Ispravno;osm-overpass-exact;;ok
rujan-uzicka-eparhija;Manastir Rujan;Zapadna Srbija;Užice;Svetinja prvog štampanog Jevanđelja;43.8517;19.7012;aktivan;Eparhija žička;Mesto gde je 1537. godine štampana prva srpska knjiga. Manastir je danas potpuno obnovljen i aktivan.;;https://manastiri.rs/eparhije/zicka/manastir-rujan-uzice/;manastiri.rs;Monah Teodosije;1530;Ispravno;osm-overpass-exact;;ok
sabor-uzice;Manastir Sabor;Zapadna Srbija;Užice;Bela svetinja užičkog kraja;43.9000;19.5368;aktivan;Eparhija žička;Manastir Sabora Svetih Arhangela je mesto sabornosti i liturgijskog života, izgrađen od belog kamena.;;https://manastiri.rs/eparhije/zicka/manastir-sabor-uzice/;manastiri.rs;Verni narod;1995;Ispravno;osm-overpass-exact;;ok
savinac-takovo;Manastir Savinac;Šumadija;Gornji Milanovac;Zadužbina kneza Miloša na reci Dičini;44.0500;20.3500;aktivan;Eparhija žička;Sagrađena 1819. godine kao prva zadužbina kneza Miloša. Crkva čuva uspomene na ustanike iz takovskog kraja.;;https://manastiri.rs/eparhije/zicka/manastir-savinac-takovo/;manastiri.rs;Knez Miloš Obrenović;1819;Ispravno;osm-overpass-exact;;ok
stjenik-jelica;Manastir Stjenik;Zapadna Srbija;Čačak;Hram moštiju Svetog Jovana pod Jelicom;43.8148;20.3569;aktivan;Eparhija žička;Retka planinska isposnica sa moštima Svetog Jovana Stjeničkog. Poznat po lekovitom izvoru i hajdučkoj tradiciji.;;https://manastiri.rs/eparhije/zicka/manastir-stjenik-jelica/;manastiri.rs;Sveti Jovan Stjenički;1390;Ispravno;osm-overpass-exact;;ok
stubal-trstenik;Manastir Stubal;Šumadija;Kraljevo;Hram Svete Petke čudesno pronađen;43.6865;20.8902;aktivan;Eparhija žička;Prema legendi, nakon pronalaska svetog kamena, podignuta je crkva koja je postala stecište hiljada vernika.;;https://manastiri.rs/eparhije/zicka/manastir-stubal-trstenik/;manastiri.rs;Nepoznat;1450;Ispravno;osm-overpass-exact;;ok
zgodacica-goch;Manastir Zgodačica;Šumadija;Kraljevo;Duhovni dom pod obroncima Goča;43.7000;20.8500;aktivan;Eparhija žička;Moderni manastir posvećen Apostolima. Odiše mirom i posvećenošću monahinja.;;https://manastiri.rs/eparhije/zicka/manastir-zgodacica-goch/;manastiri.rs;Eparhija žička;1990;Ispravno;osm-overpass-exact;;ok
jermencic-ozren;Manastir Jermenčić;Istočna Srbija;Sokobanja;Svetinja jermenskih izbeglica;43.6191;21.8319;aktivan;Eparhija timočka;Po legendi, manastir su osnovali Jermeni koji su nakon Kosova prebegli u Srbiju. Veoma zabačen i mističan hram.;;https://manastiri.rs/eparhije/timocka/manastir-jermencic-ozren/;manastiri.rs;Jermenski vojnici;1392;Ispravno;osm-overpass-exact;;ok
grliste-jezero;Manastir Grlište;Istočna Srbija;Zaječar;Skriveni molitveni kutak pored jezera;43.7320;21.6221;aktivan;Eparhija timočka;Posvećen Petru i Pavlu, manastir se nalazi u netaknutoj prirodi. Važna hodočasnička tačka zaječarskog kraja.;;https://manastiri.rs/eparhije/timocka/manastir-grliste-jezero/;manastiri.rs;Nepoznat;1390;Ispravno;osm-overpass-exact;;ok
koroglas-negotin;Manastir Koroglaš;Istočna Srbija;Negotin;Hram povezan sa Markom Kraljevićem;44.2690;22.5210;aktivan;Eparhija timočka;Grandiozni ostaci građevine iz 14. veka. Legenda ga vezuje za kraj života Marka Kraljevića.;;https://manastiri.rs/eparhije/timocka/manastir-koroglas-negotin/;manastiri.rs;Kralj Milutin;1300;Ispravno;osm-overpass-exact;;ok
krepicevac-rtanj;Manastir Krepičevac;Istočna Srbija;Boljevac;Uspenjska svetinja pod Rtnjem;43.8536;21.8506;aktivan;Eparhija timočka;Manastir iz 15. veka sa očuvanim freskama moravske škole, smešten u dramatičnom pejzažu podno Rtnja.;;https://manastiri.rs/eparhije/timocka/manastir-krepicevac-rtanj/;manastiri.rs;Georgije, sin Radojev;1500;Ispravno;osm-overpass-exact;;ok
lapusnja-boljevac;Manastir Lapušnja;Istočna Srbija;Boljevac;Biser moravske arhitekture;43.7885;21.7866;aktivan;Eparhija timočka;Zadužbina vlastelina Bogoja iz 16. veka. Poznat po klesanoj rozeti i harmoniji formi.;;https://manastiri.rs/eparhije/timocka/manastir-lapusnja-boljevac/;manastiri.rs;Vlastelin Bogoje;1501;Ispravno;osm-overpass-exact;;ok
lozica-krivivir;Manastir Lozica;Istočna Srbija;Zaječar;Isposnica u stenama Krivog Vira;43.7953;21.7604;aktivan;Eparhija timočka;Manastir Svetog Arhangela Gavrila iz 15. veka. Njegova zabačenost bila je spas od turskih pohara.;;https://manastiri.rs/eparhije/timocka/manastir-lozica-krivivir/;manastiri.rs;Nepoznat;1450;Ispravno;osm-overpass-exact;;ok
manastirica-kladovo;Manastir Manastirica;Istočna Srbija;Kladovo;Hram Svete Trojice, sedište Đerdapa;44.6246;22.4921;aktivan;Eparhija timočka;Manastir iz 14. veka, obnovljen nakon vekova devastacije. Čuva tradiciju podunavskog monaštva.;;https://manastiri.rs/eparhije/timocka/manastir-manastirica-kladovo/;manastiri.rs;Car Dušan;1350;Ispravno;osm-overpass-exact;;ok
brezovac-arandjelovac;Manastir Brezovac;Šumadija;Aranđelovac;Svetinja Svetih Arhanđela pod Venčacom;44.2599;20.6009;aktivan;Eparhija šumadijska;Obnavljan za vreme despota Đurđa Brankovića (1444). Hajdučko utočište i svedok srpskih borbi.;;https://manastiri.rs/eparhije/sumadijska/manastir-brezovac-arandjelovac/;manastiri.rs;Đurađ Branković;1444;Ispravno;osm-overpass-exact;;ok
denkovac-gledic;Manastir Denkovac;Šumadija;Kragujevac;Utočište kosovskih monaha;43.8879;20.9915;aktivan;Eparhija šumadijska;Nastao u 16. veku, kada su ovde utočište našli monasi iz južnih krajeva. Obnovljen u 21. veku kao molitveni bastion.;;https://manastiri.rs/eparhije/sumadijska/manastir-denkovac-gledic/;manastiri.rs;Nepoznat;1500;Ispravno;osm-overpass-exact;;ok
divostin-kragujevac;Manastir Divostin;Šumadija;Kragujevac;Izvor Svetog Save;44.0309;20.8248;aktivan;Eparhija šumadijska;Svetinja iz 11. veka, često mesto boravka Svetog Save. Poznat po izvoru vode i divnoj arhitekturi.;;https://manastiri.rs/eparhije/sumadijska/manastir-divostin-kragujevac/;manastiri.rs;Sveti Sava;1100;Ispravno;osm-overpass-exact;;ok
dobrovodica-sumadija;Manastir Dobrovodica;Šumadija;Kragujevac;Isposnica oko mineralnog vrela;44.1246;21.0776;aktivan;Eparhija šumadijska;Hram Svetog Spasa podignut oko lekovitog vrela. Obnavljan 1803. godine, čuva uspomene na ustaničko doba.;;https://manastiri.rs/eparhije/sumadijska/manastir-dobrovodica-sumadija/;manastiri.rs;Nepoznat;1803;Ispravno;osm-overpass-exact;;ok
draca-kragujevac;Manastir Drača;Šumadija;Kragujevac;Svetinja Svetog Nikole;44.0253;20.7880;aktivan;Eparhija šumadijska;Manastir iz 1735. godine sa vitkim kubetom moravskog stila. Grobno mesto mnogih ustaničkih vojskovođa.;;https://manastiri.rs/eparhije/sumadijska/manastir-draca-kragujevac/;manastiri.rs;Staniša Marković;1735;Ispravno;osm-overpass-exact;;ok
grncarica-batocina;Manastir Grnčarica;Šumadija;Kragujevac;Biser moravske umetnosti;44.0985;21.0128;aktivan;Eparhija šumadijska;Zadužbina iz doba despota, bogato ukrašena reljefima. Svedoči o upornosti naroda da očuva veru uprkos turskim pritiscima.;;https://manastiri.rs/eparhije/sumadijska/manastir-grncarica-batocina/;manastiri.rs;Porodica Vukašin;1500;Ispravno;osm-overpass-exact;;ok
ivkovic-pomoravlje;Manastir Ivković;Pomoravlje;Ćuprija;Skrivena svetinja vlastelina Ivka;43.8638;21.2138;aktivan;Eparhija šumadijska;Svetinja podignuta u doba kneza Lazara. Svojim položajem uz Moravu nudi mir isposničkog života.;;https://manastiri.rs/eparhije/sumadijska/manastir-ivkovic-pomoravlje/;manastiri.rs;Vlastelin Ivko;1380;Ispravno;osm-overpass-exact;;ok
jakovic-svilajnac;Manastir Jaković;Šumadija;Svilajnac;Svetinja kraj Morave;44.0586;21.2599;aktivan;Eparhija šumadijska;Manastir Svetog Stefana iz 14. veka. Ističe se raskošnim ikonostasom donetim u 18. veku.;;https://manastiri.rs/eparhije/sumadijska/manastir-jakovic-svilajnac/;manastiri.rs;Nepoznat vlastelin;1390;Ispravno;osm-overpass-exact;;ok
josanica-jagodina;Manastir Jošanica;Šumadija;Jagodina;Bolnica Karađorđevih ustanika;43.9761;21.1366;aktivan;Eparhija šumadijska;Sagrađen u Lazarevo doba, manastir je bio bolnica tokom Prvog srpskog ustanka. Čuva fresku Hrista Svedržitelja.;;https://manastiri.rs/eparhije/sumadijska/manastir-josanica-jagodina/;manastiri.rs;Knez Lazar;1380;Ispravno;osm-overpass-exact;;ok
lipar-kragujevac;Manastir Lipar;Šumadija;Kragujevac;U narodu opevana zadužbina;43.9387;20.9712;aktivan;Eparhija šumadijska;Savremeni manastir Svetog Đorđa sa dubokim korenima u srpskoj epici. Mesto velikih sabora i hodočašća.;;https://manastiri.rs/eparhije/sumadijska/manastir-lipar-kragujevac/;manastiri.rs;Verni narod;2001;Ispravno;osm-overpass-exact;;ok
pavlovac;Manastir Pavlovac;Kosmaj;Sopot;Dvorska crkva i odmaralište despota Stefana;44.4548;20.5971;aktivan;Eparhija šumadijska;Podignut oko 1425. godine, Pavlovac je bio despotova dvorska crkva i mesto za povlačenje iz državničkih obaveza. Arhitektura je spoj vizantije i gotike.;;https://manastiri.rs/eparhije/sumadijska/manastir-pavlovac/;manastiri.rs;Despot Stefan Lazarević;1425;Ispravno;osm-overpass-exact;;ok
pinosava;Manastir Pinosava;Šumadija;Smederevska Palanka;Masivna kamena bogomolja povezana sa ustancima;44.4233;20.8248;aktivan;Eparhija šumadijska;Crkva Svetog arhangela Gavrila iz 1847. godine, izgrađena pod patronatom srpskih knezova, simbol duhovne stabilnosti Šumadije.;;https://manastiri.rs/eparhije/sumadijska/manastir-pinosava/;manastiri.rs;Lokalni knezovi;1847;Ispravno;osm-overpass-exact;;ok
prekopeca;Manastir Prekopeča;Šumadija;Kragujevac;Retka svetinja posvećena Svetom Jovu;44.0353;20.7764;aktivan;Eparhija šumadijska;Retkost u SPC, manastir je posvećen starozavetnom pravednom Jovu. Kombinuje modernu gradnju sa vizantijskim postulatima.;;https://manastiri.rs/eparhije/sumadijska/manastir-prekopeca/;manastiri.rs;Verni narod;2000;Ispravno;osm-overpass-exact;;ok
preradovac;Manastir Preradovac;Šumadija;Rekovac;Oaza levečkog kraja ispunjena mirom;43.8958;20.7705;aktivan;Eparhija šumadijska;Manastir Svetog arhangela Gavrila iz 19. veka, predstavlja neukaljanu šumadijsku narodnu tvorevinu i hram mira.;;https://manastiri.rs/eparhije/sumadijska/manastir-preradovac/;manastiri.rs;Nepoznat;1890;Ispravno;osm-overpass-exact;;ok
raletinac;Manastir Raletinac;Šumadija;Rekovac;Dragulj despotovine gde odjekuje monaški napev;43.8883;21.0204;aktivan;Eparhija šumadijska;Sagrađen u 15. veku nalogom despota Stefana, manastir čuva originalne lučne prozore i masivni vizantijski svod.;;https://manastiri.rs/eparhije/sumadijska/manastir-raletinac/;manastiri.rs;Despot Stefan Lazarević;1410;Ispravno;osm-overpass-exact;;ok
ramaca;Manastir Ramaća;Šumadija;Kragujevac;Crkva Svetog Đorđa sa pred-baroknim živopisom;44.0996;20.6758;aktivan;Eparhija šumadijska;Manastir iz 15. veka čuven po bogatom freskoslikarstvu čija živa plava boja svedoči o radu vrhunskih carigradskih majstora.;;https://manastiri.rs/eparhije/sumadijska/manastir-ramaca/;manastiri.rs;Lokalna vlastela;1420;Ispravno;osm-overpass-exact;;ok
sarinac;Manastir Sarinac;Šumadija;Kragujevac;Vaznesenska svetinja obnovljena na litici;43.8950;21.0169;aktivan;Eparhija šumadijska;Obnovljen početkom ovog milenijuma na temeljima starog utvrđenja, manastir je danas duhovni epicentar Gledićkih planina.;;https://manastiri.rs/eparhije/sumadijska/manastir-sarinac/;manastiri.rs;Verni narod;2001;Ispravno;osm-overpass-exact;;ok
sibnica;Manastir Šibnica;Šumadija;Sopot;Sigurno sklonište Stanoja Glavaša;44.4812;20.4435;aktivan;Eparhija šumadijska;Svetinja Svetog Nikolaja pod Kosmajem, korišćena kao sedište hajduka tokom ustaničkih godina.;;https://manastiri.rs/eparhije/sumadijska/manastir-sibnica/;manastiri.rs;Stanoje Glavaš;1650;Ispravno;osm-overpass-exact;;ok
kacapun;Manastir Kacapun;Južna Srbija;Vladičin Han;Zadužbina Vukašina Mrnjavčevića;42.6871;21.9810;aktivan;Eparhija vranjska;Sagrađen početkom 14. veka teškim kamenom, manastir je preživeo velika rušenja zbog debelih zidova i izuzetne pozicije.;;https://manastiri.rs/eparhije/vranjska/manastir-kacapun/;manastiri.rs;Kralj Vukašin;1360;Ispravno;osm-overpass-exact;;ok
kozji-dol;Manastir Kozji Dol;Južna Srbija;Trgovište;Svetinja na granici posvećena Preobraženju;42.3680;22.0520;aktivan;Eparhija vranjska;Skromna svetinja prepoznatljiva po vizantijskom živopisu, nastala kao otpor islamizaciji krajem 16. veka.;;https://manastiri.rs/eparhije/vranjska/manastir-kozji-dol/;manastiri.rs;Pčinjski Srbi;1550;Ispravno;osm-overpass-exact;;ok
lepcince;Manastir Lepčince;Južna Srbija;Vranje;Sveti Pantelejmon u brdima;42.4277;21.9766;aktivan;Eparhija vranjska;Manastir iz 14. veka, obnovljen 1852. godine kao duhovno žarište celog pčinjskog kraja.;;https://manastiri.rs/eparhije/vranjska/manastir-lepcince/;manastiri.rs;Nepoznat;1350;Ispravno;osm-overpass-exact;;ok
lopardince;Manastir Lopardince;Južna Srbija;Bujanovac;Hram Svetog velikomučenika Georgija;42.4500;21.7500;aktivan;Eparhija vranjska;Obnovljen u novije doba, ovaj hram vekovima čuva pravoslavlje u burnom multinacionalnom okruženju.;;https://manastiri.rs/eparhije/vranjska/manastir-lopardince/;manastiri.rs;Nepoznat;1380;Ispravno;osm-overpass-exact;;ok
mrtvica;Manastir Mrtvica;Južna Srbija;Vladičin Han;Crkva uklesana u stenskom masivu;42.7560;22.0830;aktivan;Eparhija vranjska;Manastir iz 6. veka, jedan od najstarijih hrišćanskih hramova na Balkanu, delimično uklesan u stenu.;;https://manastiri.rs/eparhije/vranjska/manastir-mrtvica/;manastiri.rs;Nepoznat;550;Ispravno;osm-overpass-exact;;ok
palja;Manastir Palja;Južna Srbija;Surdulica;Starohrišćanski hram na Vlasini;42.6680;22.4410;aktivan;Eparhija vranjska;Manastir Vavedenja iz 9. veka. Jedno od najstarijih sakralnih mesta u Vlasinskom kraju.;;https://manastiri.rs/eparhije/vranjska/manastir-palja/;manastiri.rs;Vizantijski car;850;Ispravno;osm-overpass-exact;;ok
prohor-pcinjski;Manastir Prohor Pčinjski;Južna Srbija;Bujanovac;Najstariji manastir juga Srbije;42.3295;21.8957;aktivan;Eparhija vranjska;Osnovan u 11. veku, posvećen Svetom Prohoru čije mošti čuvaju manastir kao najveću svetinju.;;https://manastiri.rs/eparhije/vranjska/manastir-prohor-pcinjski/;manastiri.rs;Roman Diogen;1070;Ispravno;osm-overpass-exact;;ok
simeon-stolpnik;Manastir Simeon Stolpnik;Južna Srbija;Vranje;Jedina svetinja posvećena Svetom Simeonu Stolpniku;42.6000;21.8500;aktivan;Eparhija vranjska;Potiče iz 14. veka, danas sestrinstvo brine o očuvanju drevnog vizantijskog napeva u ovom hramu.;;https://manastiri.rs/eparhije/vranjska/manastir-simeon-stolpnik/;manastiri.rs;Nepoznat;1350;Ispravno;osm-overpass-exact;;ok
zapsko;Manastir Žapsko;Južna Srbija;Vranje;Duhovna luča Svetog arhiđakona Stefana;42.4471;21.9280;aktivan;Eparhija vranjska;Hram Nemanjićkog porekla, potpuno obnovljen, sa portom koja je jedan od najlepših parkova eparhije.;;https://manastiri.rs/eparhije/vranjska/manastir-zapsko/;manastiri.rs;Nepoznat;1410;Ispravno;osm-overpass-exact;;ok
bogostica-sabac;Manastir Bogoštica;Zapadna Srbija;Krupanj;Mesto pročišćenja iz doba kralja Milutina;44.3500;19.3500;aktivan;Eparhija šabačka;Svetinja koja čuva sećanje na slavnu istoriju Podrinja, sagrađena uz stari rudarski put.;;https://manastiri.rs/eparhije/sabacka/manastir-bogostica-sabac/;manastiri.rs;Kralj Milutin;1300;Ispravno;osm-overpass-exact;;ok
dobric-sabac;Manastir Dobrić;Mačva;Šabac;Svetionik duhovnosti u mačvanskoj ravnici;44.7500;19.6500;aktivan;Eparhija šabačka;Manastir posvećen Svetom Jovanu Krstitelju. Zidao ga je jedan od Mačvanskih knezova krajem 15. veka.;;https://manastiri.rs/eparhije/sabacka/manastir-dobric-sabac/;manastiri.rs;Mačvanski knez;1480;Ispravno;osm-overpass-exact;;ok
dragojevac-sabac;Manastir Dragojevac;Zapadna Srbija;Vladimirci;Mali hram posvećen Bogorodici u Pocerini;44.6000;19.8000;aktivan;Eparhija šabačka;Crkva u Dragojevcu služi kao molitveno središte sela Pocerine sa freskama s početka dvadesetog veka.;;https://manastiri.rs/eparhije/sabacka/manastir-dragojevac-sabac/;manastiri.rs;Nepoznat;1900;Ispravno;osm-overpass-exact;;ok
krivaja-sabac;Manastir Krivaja;Zapadna Srbija;Šabac;Preobraženje Gospodnje u hrastovoj šumi;44.6500;19.5000;aktivan;Eparhija šabačka;Izrasta iz guste pocerske šume. Veruje se da temelji leže na mnogo starijem svetilištu.;;https://manastiri.rs/eparhije/sabacka/manastir-krivaja-sabac/;manastiri.rs;Nepoznat;1450;Ispravno;osm-overpass-exact;;ok
ljubovija-sabac;Manastir Bjele Vode;Zapadna Srbija;Ljubovija;Zadužbina smeštena tik uz plahovitu Drinu;44.2673;19.4260;aktivan;Eparhija šabačka;Sagrađena ogromnim zalaganjem meštana Azbukovice radi sabornog okupljanja naroda.;;https://manastiri.rs/eparhije/sabacka/manastir-ljubovija-sabac/;manastiri.rs;Verni narod;2001;Ispravno;osm-overpass-exact;;ok
rozanj-sabac;Manastir Rožanj;Zapadna Srbija;Krupanj;Hram Uspenja Bogorodice visoko u gorama;44.3000;19.4500;aktivan;Eparhija šabačka;Manastir leži u zabačenom, šumovitom predelu oko Krupnja, služeći kao isposnica za strogi monaški tipik.;;https://manastiri.rs/eparhije/sabacka/manastir-rozanj-sabac/;manastiri.rs;Nepoznat;1550;Ispravno;osm-overpass-exact;;ok
rujevac-sabac;Manastir Rujevac;Zapadna Srbija;Ljubovija;Svetinja Svetog Vasilija Ostroškog;44.3000;19.3000;aktivan;Eparhija šabačka;Izgrađen na prelepom uzvišenju sa kog puca pogled na reku Drinu. Zrači mirom i duhovnošću.;;https://manastiri.rs/eparhije/sabacka/manastir-rujevac-sabac/;manastiri.rs;Verni narod;2010;Ispravno;osm-overpass-exact;;ok
soko-grad-sabac;Manastir Soko Grad;Zapadna Srbija;Ljubovija;Svetinja pod legendarnim utvrđenjem;44.3500;19.4500;aktivan;Eparhija šabačka;Dominira krajolikom svojim zlatnim krstom podignutim u visine, svedokom hrišćanske slobode.;;https://manastiri.rs/eparhije/sabacka/manastir-soko-grad-sabac/;manastiri.rs;Vladika Lavrentije;1989;Ispravno;osm-overpass-exact;;ok
strmovo-sabac;Manastir Strmovo;Zapadna Srbija;Lajkovac;Tiho monaško prebivalište Svetog Ilije;44.4000;20.1500;aktivan;Eparhija šabačka;Čuva fragmente kasne srednjovekovne umetnosti u svojoj drvenoj i kamenoj arhitekturi.;;https://manastiri.rs/eparhije/sabacka/manastir-strmovo-sabac/;manastiri.rs;Nepoznat;1450;Ispravno;osm-overpass-exact;;ok
citluk-sabac;Manastir Čitluk;Zapadna Srbija;Ljubovija;Manastir Svete Trojice u netaknutoj okolini Drine;44.2000;19.3500;aktivan;Eparhija šabačka;Aktivni ženski manastir koji predstavlja duhovno utočište, podignut ljubavlju lokalnog življa.;;https://manastiri.rs/eparhije/sabacka/manastir-citluk-sabac/;manastiri.rs;Verni narod;1999;Ispravno;osm-overpass-exact;;ok
cokesina-sabac;Manastir Čokešina;Mačva;Loznica;Mesto legendarne bitke Srpskih Termopila;44.6400;19.4200;aktivan;Eparhija šabačka;Poznat po Boju na Čokešini 1804. godine, gde su srpski ustanici junački poginuli.;;https://manastiri.rs/eparhije/sabacka/manastir-cokesina-sabac/;manastiri.rs;Miloš Obilić;1390;Ispravno;osm-overpass-exact;;ok
sremcica-bg;Manastir Sremčica;Beograd;Beograd;Moderna svetinja posvećena Svetoj Petki;44.6800;20.3500;aktivan;Eparhija beogradska;Manastir u beogradskom naselju, mesto masovnih okupljanja vernika.;;https://manastiri.rs/eparhije/beogradska/manastir-sremcica/;manastiri.rs;Verni narod;2005;Ispravno;osm-overpass-exact;;ok
drenovac-branicevska;Manastir Drenovac;Pomoravlje;Paraćin;Svetinja kraj Paraćina;43.8500;21.4500;aktivan;Eparhija braničevska;Obnovljen krajem 20. veka na temeljima starog srednjovekovnog hrama.;;https://manastiri.rs/eparhije/branicevska/manastir-drenovac/;manastiri.rs;Nepoznat;1400;Ispravno;osm-overpass-exact;;ok
djurinci;Manastir Đurinci;Beograd;Sopot;Mesto molitve podno Kosmaja;44.4800;20.5500;aktivan;Eparhija šumadijska;Mali manastir koji služi kao centar duhovnosti za stanovnike podkosmajskog kraja.;;https://manastiri.rs/eparhije/sumadijska/manastir-djurinci/;manastiri.rs;Verni narod;1998;Ispravno;osm-overpass-exact;;ok
gornje-nedeljice;Manastir Gornje Nedeljice;Podrinje;Loznica;Hram u podrinjskom kraju;44.5200;19.2500;aktivan;Eparhija šabačka;Manastir posvećen Svetom Georgiju, čuva tradiciju ovog kraja.;;https://manastiri.rs/eparhije/sabacka/manastir-gornje-nedeljice/;manastiri.rs;Verni narod;2012;Ispravno;osm-overpass-exact;;ok
jovanje-cacak;Manastir Jovanje (Kablar);Zapadna Srbija;Čačak;Svetinja na poluostrvu Morave;43.9100;20.2000;aktivan;Eparhija žička;Zadužbina koja je premeštena zbog hidroelektrane, danas duhovni svetionik.;;https://manastiri.rs/eparhije/zicka/manastir-jovanje-cacak/;manastiri.rs;Monaško bratstvo;1500;Ispravno;osm-overpass-exact;;ok
kamenica-gm;Manastir Kamenica;Zapadna Srbija;Gornji Milanovac;Svetinja podno planine Rudnik;44.1000;20.5000;aktivan;Eparhija žička;Manastirski kompleks poznat po lepo uređenoj porti i monaškoj školi.;;https://manastiri.rs/eparhije/zicka/manastir-kamenica-gm/;manastiri.rs;Nepoznat;1450;Ispravno;osm-overpass-exact;;ok
klenak;Manastir Klenak;Srem;Ruma;Hram u sremskoj ravnici;44.9500;19.7800;aktivan;Eparhija sremska;Svetinja koja čuva sećanje na slavnu sremsku crkvenu istoriju.;;https://manastiri.rs/eparhije/sremska/manastir-klenak/;manastiri.rs;Verni narod;1999;Ispravno;osm-overpass-exact;;ok
koceljeva;Manastir Koceljeva;Mačva;Koceljeva;Hram Svetog Prokopija u srcu Mačve;44.5500;19.7500;aktivan;Eparhija šabačka;Manastir koji okuplja vernike cele Mačve.;;https://manastiri.rs/eparhije/sabacka/manastir-koceljeva/;manastiri.rs;Verni narod;2003;Ispravno;osm-overpass-exact;;ok
kosmaj;Manastir Kosmaj;Beograd;Sopot;Duhovni centar planine Kosmaj;44.4700;20.5500;aktivan;Eparhija šumadijska;Manastir posvećen Svetim Arhanđelima, mesto mira podno vrha planine.;;https://manastiri.rs/eparhije/sumadijska/manastir-kosmaj/;manastiri.rs;Kralj Dragutin;1309;Ispravno;osm-overpass-exact;;ok
lajkovac;Manastir Lajkovac;Kolubara;Lajkovac;Savremeni hram u Kolubari;44.3800;20.1500;aktivan;Eparhija valjevska;Manastir koji služi kao oslonac vernicima u kolubarskom basenu.;;https://manastiri.rs/eparhije/valjevska/manastir-lajkovac/;manastiri.rs;Verni narod;2015;Ispravno;osm-overpass-exact;;ok
medjurecje;Manastir Međurečje;Zapadna Srbija;Ivanjica;Svetinja na ušću reka;43.4500;20.2000;aktivan;Eparhija žička;Manastir smešten na veoma živopisnom mestu u ivanjičkom kraju.;;https://manastiri.rs/eparhije/zicka/manastir-medjurecje/;manastiri.rs;Nepoznat;1500;Ispravno;osm-overpass-exact;;ok
mionica;Manastir Mionica;Zapadna Srbija;Mionica;Zadužbina u valjevskom kraju;44.2500;20.1000;aktivan;Eparhija valjevska;Svetinja koja čuva tradiciju valjevskih manastira.;;https://manastiri.rs/eparhije/valjevska/manastir-mionica/;manastiri.rs;Nepoznat;1790;Ispravno;osm-overpass-exact;;ok
obrenovac;Manastir Obrenovac;Beograd;Obrenovac;Hram u blizini beogradske metropole;44.6500;20.2000;aktivan;Eparhija beogradska;Manastir posvećen Svetoj Petki, mesto gde vernici traže mir.;;https://manastiri.rs/eparhije/beogradska/manastir-obrenovac/;manastiri.rs;Verni narod;2008;Ispravno;osm-overpass-exact;;ok
pocerina;Manastir Pocerina;Mačva;Šabac;Svetinja u srcu Pocerine;44.6000;19.7000;aktivan;Eparhija šabačka;Manastir koji čuva sećanje na junake cerske bitke.;;https://manastiri.rs/eparhije/sabacka/manastir-pocerina/;manastiri.rs;Verni narod;1995;Ispravno;osm-overpass-exact;;ok
raca-uzice;Manastir Rača (Užice);Zapadna Srbija;Užice;Duhovni centar zapadne Srbije;43.8500;19.8500;aktivan;Eparhija žička;Poznat po prepisivačkoj školi i duhovnom nasleđu.;;https://manastiri.rs/eparhije/zicka/manastir-raca-uzice/;manastiri.rs;Nepoznat;1280;Ispravno;osm-overpass-exact;;ok
rudnik;Manastir Rudnik;Šumadija;Gornji Milanovac;Svetinja na rudničkim visovima;44.1000;20.5000;aktivan;Eparhija žička;Manastir posvećen Vaskrsenju, mesto koje čuva rudničke legende.;;https://manastiri.rs/eparhije/zicka/manastir-rudnik/;manastiri.rs;Despot Stefan;1430;Ispravno;osm-overpass-exact;;ok
svrljig;Manastir Svrljig;Jugoistočna Srbija;Svrljig;Hram u svrljiškoj klisuri;43.4500;22.1500;aktivan;Eparhija niška;Mesto molitve za vernike iz Svrljiga i okoline.;;https://manastiri.rs/eparhije/niska/manastir-svrljig/;manastiri.rs;Nepoznat;1380;Ispravno;osm-overpass-exact;;ok
trstenik;Manastir Trstenik;Rasina;Trstenik;Hram posvećen Vavedenju Bogorodice;43.6000;21.0000;aktivan;Eparhija kruševačka;Svetinja koja okuplja vernike celog trsteničkog kraja.;;https://manastiri.rs/eparhije/krusevacka/manastir-trstenik/;manastiri.rs;Kneginja Milica;1388;Ispravno;osm-overpass-exact;;ok
uzice;Manastir Užice;Zapadna Srbija;Užice;Crkva posvećena Svetom Marku;43.8500;19.8500;aktivan;Eparhija žička;Svetinja koja spaja tradiciju i potrebe grada Užica.;;https://manastiri.rs/eparhije/zicka/manastir-uzice/;manastiri.rs;Verni narod;1990;Ispravno;osm-overpass-exact;;ok
zlatar;Manastir Zlatar;Jugozapadna Srbija;Nova Varoš;Manastir na visoravni planine Zlatar;43.4000;19.8000;aktivan;Eparhija mileševska;Mesto isceljenja i mira na planinskim visinama.;;https://manastiri.rs/eparhije/milesevska/manastir-zlatar/;manastiri.rs;Verni narod;2007;Ispravno;osm-overpass-exact;;ok
banjski-metoh;Manastir Banjski Metoh;Kosovo;Zvečan;Duhovni oslonac Banjske;42.9700;20.7800;aktivan;Eparhija raško-prizrenska;Manastir koji pomaže duhovni rad Banjske.;;https://manastiri.rs/eparhije/rasko-prizrenska/manastir-banjski-metoh/;manastiri.rs;Nepoznat;1315;Ispravno;osm-overpass-exact;;ok
vratnica;Manastir Vratnica;Jugoistočna Srbija;Pirot;Mala svetinja starog druma;43.1500;22.6000;aktivan;Eparhija niška;Hram iz doba Nemanjića.;;https://manastiri.rs/eparhije/niska/manastir-vratnica/;manastiri.rs;Nepoznat;1350;Ispravno;osm-overpass-exact;;ok
gornje-zuni;Manastir Gornje Žuni;Istočna Srbija;Knjaževac;Svetinja kraj Timoka;43.6000;22.2500;aktivan;Eparhija timočka;Hram posvećen Pokrovu.;;https://manastiri.rs/eparhije/timocka/manastir-gornje-zuni/;manastiri.rs;Verni narod;2002;Ispravno;osm-overpass-exact;;ok
manastirica-branicevo;Manastir Manastirica;Istočna Srbija;Petrovac;Svetinja braničevskog kraja;44.3000;21.4000;aktivan;Eparhija braničevska;Obnovljen u modernom dobu.;;https://manastiri.rs/eparhije/branicevska/manastir-manastirica-branicevo/;manastiri.rs;Nepoznat;1380;Ispravno;osm-overpass-exact;;ok
vranje-sveti-nikola;Manastir Svetog Nikole;Južna Srbija;Vranje;Gradska svetinja juga;42.5500;21.9000;aktivan;Eparhija vranjska;Centar vranjske eparhije.;;https://manastiri.rs/eparhije/vranjska/manastir-vranje-sveti-nikola/;manastiri.rs;Verni narod;1995;Ispravno;osm-overpass-exact;;ok
trgoviste-sveti-prohor;Manastir Svetog Prohor;Južna Srbija;Trgovište;Isposnica Pčinje;42.4000;22.0000;aktivan;Eparhija vranjska;Svetinja povezana sa Prohorom.;;https://manastiri.rs/eparhije/vranjska/manastir-trgoviste-sveti-prohor/;manastiri.rs;Nepoznat;1100;Ispravno;osm-overpass-exact;;ok
dobrun-raska;Manastir Dobrun;Raška;Priboj;Hram na Limu;43.5000;19.4000;aktivan;Eparhija mileševska;Zadužbina u dolini.;;https://manastiri.rs/eparhije/milesevska/manastir-dobrun-raska/;manastiri.rs;Nepoznat;1350;Ispravno;osm-overpass-exact;;ok
kremna-uzice;Manastir Kremna;Zapadna Srbija;Užice;Svetinja planine Tare;43.8500;19.5000;aktivan;Eparhija žička;Manastir u selu Kremna.;;https://manastiri.rs/eparhije/zicka/manastir-kremna-uzice/;manastiri.rs;Verni narod;2008;Ispravno;osm-overpass-exact;;ok
vracar-beograd;Manastir Vračar;Beograd;Beograd;Svetinja beogradskog Vračara;44.8000;20.4700;aktivan;Eparhija beogradska;Moderni hram beogradskog centra.;;https://manastiri.rs/eparhije/beogradska/manastir-vracar-beograd/;manastiri.